-- MySQL dump 10.13  Distrib 8.0.43, for Linux (x86_64)
--
-- Host: localhost    Database: agendamento_inss
-- ------------------------------------------------------
-- Server version	8.0.45-0ubuntu0.22.04.1

/*!40101 SET @OLD_CHARACTER_SET_CLIENT=@@CHARACTER_SET_CLIENT */;
/*!40101 SET @OLD_CHARACTER_SET_RESULTS=@@CHARACTER_SET_RESULTS */;
/*!40101 SET @OLD_COLLATION_CONNECTION=@@COLLATION_CONNECTION */;
/*!50503 SET NAMES utf8mb4 */;
/*!40103 SET @OLD_TIME_ZONE=@@TIME_ZONE */;
/*!40103 SET TIME_ZONE='+00:00' */;
/*!40014 SET @OLD_UNIQUE_CHECKS=@@UNIQUE_CHECKS, UNIQUE_CHECKS=0 */;
/*!40014 SET @OLD_FOREIGN_KEY_CHECKS=@@FOREIGN_KEY_CHECKS, FOREIGN_KEY_CHECKS=0 */;
/*!40101 SET @OLD_SQL_MODE=@@SQL_MODE, SQL_MODE='NO_AUTO_VALUE_ON_ZERO' */;
/*!40111 SET @OLD_SQL_NOTES=@@SQL_NOTES, SQL_NOTES=0 */;

--
-- Table structure for table `appointment_limits`
--

DROP TABLE IF EXISTS `appointment_limits`;
/*!40101 SET @saved_cs_client     = @@character_set_client */;
/*!50503 SET character_set_client = utf8mb4 */;
CREATE TABLE `appointment_limits` (
  `id` int NOT NULL AUTO_INCREMENT,
  `userId` int NOT NULL,
  `monthlyLimit` int NOT NULL DEFAULT '999',
  `currentMonth` varchar(7) COLLATE utf8mb4_general_ci NOT NULL,
  `appointmentsThisMonth` int NOT NULL DEFAULT '0',
  `lastCancellationAt` timestamp NULL DEFAULT NULL,
  `createdAt` timestamp NOT NULL DEFAULT CURRENT_TIMESTAMP,
  `updatedAt` timestamp NOT NULL DEFAULT CURRENT_TIMESTAMP ON UPDATE CURRENT_TIMESTAMP,
  PRIMARY KEY (`id`),
  UNIQUE KEY `userId` (`userId`),
  KEY `userId_idx` (`userId`),
  KEY `currentMonth_idx` (`currentMonth`),
  CONSTRAINT `appointment_limits_ibfk_1` FOREIGN KEY (`userId`) REFERENCES `users` (`id`) ON DELETE CASCADE
) ENGINE=InnoDB AUTO_INCREMENT=5 DEFAULT CHARSET=utf8mb4 COLLATE=utf8mb4_general_ci;
/*!40101 SET character_set_client = @saved_cs_client */;

--
-- Dumping data for table `appointment_limits`
--

LOCK TABLES `appointment_limits` WRITE;
/*!40000 ALTER TABLE `appointment_limits` DISABLE KEYS */;
INSERT INTO `appointment_limits` VALUES (4,2769,999,'2026-02',0,NULL,'2026-02-05 18:27:44','2026-02-05 21:48:16');
/*!40000 ALTER TABLE `appointment_limits` ENABLE KEYS */;
UNLOCK TABLES;

--
-- Table structure for table `appointment_messages`
--

DROP TABLE IF EXISTS `appointment_messages`;
/*!40101 SET @saved_cs_client     = @@character_set_client */;
/*!50503 SET character_set_client = utf8mb4 */;
CREATE TABLE `appointment_messages` (
  `ID` int NOT NULL AUTO_INCREMENT,
  `APPOINTMENTID` int NOT NULL,
  `SENDERID` int NOT NULL,
  `MESSAGE` text COLLATE utf8mb4_general_ci NOT NULL,
  `ISADMIN` tinyint(1) NOT NULL DEFAULT '0',
  `ISREAD` tinyint(1) NOT NULL DEFAULT '0',
  `CREATEDAT` timestamp NOT NULL DEFAULT CURRENT_TIMESTAMP,
  PRIMARY KEY (`ID`),
  KEY `appointment_idx` (`APPOINTMENTID`)
) ENGINE=InnoDB AUTO_INCREMENT=53 DEFAULT CHARSET=utf8mb4 COLLATE=utf8mb4_general_ci;
/*!40101 SET character_set_client = @saved_cs_client */;

--
-- Dumping data for table `appointment_messages`
--

LOCK TABLES `appointment_messages` WRITE;
/*!40000 ALTER TABLE `appointment_messages` DISABLE KEYS */;
INSERT INTO `appointment_messages` VALUES (1,10,2769,'teste 123',0,1,'2026-02-02 02:41:43'),(2,10,2769,'teste',0,1,'2026-02-02 02:42:12'),(3,10,1,'teste',1,1,'2026-02-02 02:43:59'),(4,10,1,'teste',1,1,'2026-02-02 02:44:10'),(5,11,2769,'Teste 1[',0,1,'2026-02-02 10:36:39'),(6,11,1,'TEst 2',1,1,'2026-02-02 10:36:45'),(7,11,2769,'teste 3',0,1,'2026-02-02 10:36:48'),(8,11,1,'Teste 4',1,1,'2026-02-02 10:36:52'),(9,10,2769,'TEste',0,1,'2026-02-02 12:53:05'),(10,10,2769,'Teste3',0,1,'2026-02-02 12:53:10'),(11,10,2769,'teste',0,1,'2026-02-02 14:42:53'),(12,10,1,'1',1,1,'2026-02-02 14:48:27'),(13,10,2769,'Teste',0,1,'2026-02-02 16:42:21'),(14,10,1,'Teste 2',1,1,'2026-02-02 16:57:56'),(15,10,2769,'Olá',0,1,'2026-02-02 17:05:46'),(16,10,1,'Teste',1,1,'2026-02-02 17:05:56'),(17,10,2769,'teste',0,1,'2026-02-02 17:10:19'),(18,10,1,'teste',1,1,'2026-02-02 17:10:27'),(19,10,1,'teste',1,1,'2026-02-02 17:10:33'),(20,10,1,'teste1',1,1,'2026-02-02 17:11:49'),(21,10,2769,'teste2',0,1,'2026-02-02 17:13:01'),(22,11,2769,'teste2',0,1,'2026-02-02 17:13:10'),(23,11,2769,'teste1',0,1,'2026-02-02 17:15:25'),(24,10,2769,'teste1',0,1,'2026-02-02 17:15:27'),(25,10,2769,'Teste',0,1,'2026-02-02 17:24:01'),(26,10,2769,'Olá',0,1,'2026-02-02 17:58:40'),(27,11,2769,'Olá',0,1,'2026-02-02 17:58:42'),(28,10,1,'teste',1,1,'2026-02-02 18:12:45'),(29,12,2769,'teste',0,1,'2026-02-02 18:23:33'),(30,12,2769,'teste',0,1,'2026-02-02 18:31:12'),(31,10,2769,'teste',0,1,'2026-02-02 18:51:36'),(32,10,2769,'af',0,1,'2026-02-02 18:51:45'),(33,10,2769,'teste',0,1,'2026-02-02 18:51:55'),(34,10,1,'foda',1,1,'2026-02-02 18:51:59'),(35,10,2769,'Teste',0,1,'2026-02-02 18:56:50'),(36,10,2769,'teste',0,1,'2026-02-04 11:54:56'),(37,4,1,'tt',1,0,'2026-02-04 12:38:27'),(38,6,2769,'teste',0,1,'2026-02-04 12:52:33'),(39,16,2769,'teste',0,1,'2026-02-04 14:18:16'),(40,16,2769,'teste',0,1,'2026-02-04 14:25:51'),(41,4,1,'teste',1,0,'2026-02-04 14:26:15'),(42,16,2769,'ts',0,1,'2026-02-04 14:27:21'),(43,16,2769,'tete',0,1,'2026-02-04 14:28:23'),(44,4,1,'tst',1,0,'2026-02-04 14:29:34'),(45,17,2769,'teste',0,1,'2026-02-04 14:32:47'),(46,16,2769,'Test 123',0,1,'2026-02-04 14:38:45'),(47,16,1,'Olá',1,1,'2026-02-04 14:38:56'),(48,16,1,'teste',1,0,'2026-02-04 14:43:25'),(49,23,2769,'Teste',0,1,'2026-02-05 13:42:57'),(50,23,2769,'Boa tarde',0,1,'2026-02-05 16:42:11'),(51,23,1,'Teste',1,1,'2026-02-05 16:42:20'),(52,23,1,'teste1',1,1,'2026-02-05 16:44:45');
/*!40000 ALTER TABLE `appointment_messages` ENABLE KEYS */;
UNLOCK TABLES;

--
-- Table structure for table `appointments`
--

DROP TABLE IF EXISTS `appointments`;
/*!40101 SET @saved_cs_client     = @@character_set_client */;
/*!50503 SET character_set_client = utf8mb4 */;
CREATE TABLE `appointments` (
  `id` int NOT NULL AUTO_INCREMENT,
  `userId` int NOT NULL,
  `appointmentDate` datetime NOT NULL,
  `startTime` varchar(8) COLLATE utf8mb4_general_ci NOT NULL,
  `endTime` varchar(8) COLLATE utf8mb4_general_ci NOT NULL,
  `reason` varchar(100) COLLATE utf8mb4_general_ci NOT NULL,
  `notes` text COLLATE utf8mb4_general_ci,
  `status` enum('pending','confirmed','completed','cancelled','no_show') COLLATE utf8mb4_general_ci NOT NULL DEFAULT 'pending',
  `cancelledAt` timestamp NULL DEFAULT NULL,
  `cancellationReason` text COLLATE utf8mb4_general_ci,
  `createdAt` timestamp NOT NULL DEFAULT CURRENT_TIMESTAMP,
  `updatedAt` timestamp NOT NULL DEFAULT CURRENT_TIMESTAMP ON UPDATE CURRENT_TIMESTAMP,
  PRIMARY KEY (`id`),
  KEY `userId_idx` (`userId`),
  KEY `appointmentDate_idx` (`appointmentDate`),
  KEY `status_idx` (`status`),
  CONSTRAINT `appointments_ibfk_1` FOREIGN KEY (`userId`) REFERENCES `users` (`id`) ON DELETE CASCADE
) ENGINE=InnoDB AUTO_INCREMENT=28 DEFAULT CHARSET=utf8mb4 COLLATE=utf8mb4_general_ci;
/*!40101 SET character_set_client = @saved_cs_client */;

--
-- Dumping data for table `appointments`
--

LOCK TABLES `appointments` WRITE;
/*!40000 ALTER TABLE `appointments` DISABLE KEYS */;
INSERT INTO `appointments` VALUES (1,1,'2026-02-02 03:00:00','08:30:00','09:00:00','Atendimento Geral','teste','cancelled','2026-02-02 05:24:52','1','2026-01-29 17:48:20','2026-02-02 02:24:52'),(2,1,'2026-02-02 03:00:00','09:30:00','10:00:00','Atendimento Geral','3323','confirmed','2026-02-02 04:39:49','t','2026-01-29 17:54:50','2026-02-02 15:09:06'),(3,1,'2026-02-03 03:00:00','08:30:00','09:00:00','Renovação de Inscrição','eteste','cancelled','2026-02-02 05:24:59','1','2026-01-31 01:55:28','2026-02-02 02:24:59'),(4,1,'2026-02-04 03:00:00','08:30:00','09:00:00','Problemas com Senha','5ytrt','no_show','2026-02-04 15:38:37','1','2026-01-31 05:18:15','2026-02-04 14:18:02'),(5,2769,'2026-02-03 03:00:00','08:30:00','09:00:00','Atendimento Geral','2323','cancelled','2026-02-02 05:25:02','1','2026-02-01 04:42:02','2026-02-02 02:25:02'),(6,2769,'2026-02-03 03:00:00','10:00:00','10:30:00','Renovação de Inscrição','42423','cancelled','2026-02-04 18:02:29','1','2026-02-01 04:42:08','2026-02-04 15:02:29'),(7,1,'2026-02-03 03:00:00','09:00:00','09:30:00','Renovação de Inscrição','2323323','cancelled','2026-02-02 17:48:20','1','2026-02-01 08:27:11','2026-02-02 14:48:20'),(8,1,'2026-02-03 03:00:00','09:30:00','10:00:00','Renovação de Inscrição','423423','cancelled','2026-02-04 18:02:25','1','2026-02-01 08:30:56','2026-02-04 15:02:25'),(9,2769,'2026-02-03 03:00:00','08:30:00','09:00:00','Problemas com Senha','3232','cancelled','2026-02-02 05:43:06','1','2026-02-02 01:32:54','2026-02-02 02:43:06'),(10,2769,'2026-02-03 03:00:00','08:00:00','08:30:00','Atendimento Geral','23434','cancelled','2026-02-04 18:02:39','1','2026-02-02 02:25:59','2026-02-04 15:02:39'),(11,2769,'2026-02-03 03:00:00','08:30:00','09:00:00','Renovação de Inscrição','21323','cancelled','2026-02-04 18:02:20','1','2026-02-02 02:26:07','2026-02-04 15:02:20'),(12,2769,'2026-02-03 03:00:00','10:30:00','11:00:00','Renovação de Inscrição','2323232','cancelled','2026-02-04 18:02:31','1','2026-02-02 18:23:21','2026-02-04 15:02:31'),(13,2769,'2026-02-03 03:00:00','11:00:00','11:30:00','Renovação de Inscrição',NULL,'cancelled','2026-02-04 18:02:34','1','2026-02-02 18:31:19','2026-02-04 15:02:34'),(14,2769,'2026-02-03 03:00:00','12:30:00','13:00:00','Problemas com Senha',NULL,'cancelled','2026-02-04 15:04:03','1','2026-02-02 18:31:23','2026-02-04 12:04:03'),(15,2769,'2026-02-03 03:00:00','11:30:00','12:00:00','Problemas com Senha','tete','cancelled','2026-02-04 15:16:44','teste','2026-02-02 18:31:30','2026-02-04 12:16:44'),(16,2769,'2026-02-05 03:00:00','08:30:00','09:00:00','Renovação de Inscrição','45454','cancelled','2026-02-05 21:48:17','1','2026-02-04 12:39:15','2026-02-05 21:48:16'),(17,2769,'2026-02-05 03:00:00','08:30:00','09:00:00','Consulta de Dados',NULL,'cancelled','2026-02-04 18:01:18','1','2026-02-04 14:32:24','2026-02-04 15:01:18'),(18,2769,'2026-02-06 03:00:00','08:30:00','09:00:00','Renovação de Inscrição','111','cancelled','2026-02-04 18:01:20','1','2026-02-04 14:44:01','2026-02-04 15:01:20'),(19,2769,'2026-02-06 03:00:00','10:30:00','11:00:00','Renovação de Inscrição','423','cancelled','2026-02-04 18:01:17','1','2026-02-04 14:44:09','2026-02-04 15:01:17'),(20,2769,'2026-02-06 03:00:00','10:00:00','10:30:00','Renovação de Inscrição','3','cancelled','2026-02-04 18:01:15','1','2026-02-04 14:44:23','2026-02-04 15:01:15'),(21,2769,'2026-02-06 03:00:00','11:30:00','12:00:00','Renovação de Inscrição','3232','cancelled','2026-02-04 18:01:13','1','2026-02-04 14:45:23','2026-02-04 15:01:13'),(22,2769,'2026-02-05 03:00:00','08:30:00','09:00:00','Renovação de Inscrição','teste','cancelled','2026-02-04 19:05:50','1','2026-02-04 16:05:45','2026-02-04 16:05:50'),(23,2769,'2026-02-06 03:00:00','08:30:00','09:00:00','Atendimento Geral',NULL,'cancelled','2026-02-05 21:18:45','1','2026-02-04 16:06:54','2026-02-05 18:18:45'),(24,2769,'2026-02-05 03:00:00','08:30:00','09:00:00','Renovação de Inscrição','23323','confirmed',NULL,NULL,'2026-02-04 16:07:27','2026-02-04 16:07:27'),(25,2769,'2026-03-04 03:00:00','08:00:00','08:30:00','Renovação de Inscrição',NULL,'cancelled','2026-02-05 21:18:43','1','2026-02-05 16:34:09','2026-02-05 18:18:43'),(26,2769,'2026-03-12 03:00:00','10:00:00','10:30:00','Outros',NULL,'cancelled','2026-02-05 21:18:37','1','2026-02-05 16:34:16','2026-02-05 18:18:37'),(27,2769,'2026-02-06 03:00:00','09:00:00','09:30:00','Renovação de Inscrição','1','confirmed',NULL,NULL,'2026-02-05 18:27:44','2026-02-05 18:27:44');
/*!40000 ALTER TABLE `appointments` ENABLE KEYS */;
UNLOCK TABLES;

--
-- Table structure for table `audit_logs`
--

DROP TABLE IF EXISTS `audit_logs`;
/*!40101 SET @saved_cs_client     = @@character_set_client */;
/*!50503 SET character_set_client = utf8mb4 */;
CREATE TABLE `audit_logs` (
  `id` int NOT NULL AUTO_INCREMENT,
  `userId` int DEFAULT NULL,
  `action` varchar(50) COLLATE utf8mb4_general_ci NOT NULL,
  `entityType` varchar(50) COLLATE utf8mb4_general_ci NOT NULL,
  `entityId` int DEFAULT NULL,
  `details` text COLLATE utf8mb4_general_ci,
  `ipAddress` varchar(45) COLLATE utf8mb4_general_ci DEFAULT NULL,
  `createdAt` timestamp NOT NULL DEFAULT CURRENT_TIMESTAMP,
  PRIMARY KEY (`id`),
  KEY `userId_idx` (`userId`),
  KEY `action_idx` (`action`),
  KEY `createdAt_idx` (`createdAt`)
) ENGINE=InnoDB AUTO_INCREMENT=295 DEFAULT CHARSET=utf8mb4 COLLATE=utf8mb4_general_ci;
/*!40101 SET character_set_client = @saved_cs_client */;

--
-- Dumping data for table `audit_logs`
--

LOCK TABLES `audit_logs` WRITE;
/*!40000 ALTER TABLE `audit_logs` DISABLE KEYS */;
INSERT INTO `audit_logs` VALUES (1,1,'LOGIN_SOAP','user',1,NULL,'::ffff:172.26.0.1','2026-01-29 17:32:10'),(2,1,'LOGIN_SOAP','user',1,NULL,'::ffff:172.26.0.1','2026-01-29 17:32:22'),(3,1,'LOGIN_SOAP','user',1,NULL,'::ffff:172.26.0.1','2026-01-29 17:35:00'),(4,1,'LOGIN_SOAP','user',1,NULL,'::ffff:172.26.0.1','2026-01-29 17:40:20'),(5,1,'LOGIN_SOAP','user',1,NULL,'::ffff:172.26.0.1','2026-01-29 17:42:37'),(6,1,'LOGIN_SOAP','user',1,NULL,'::ffff:172.26.0.1','2026-01-29 17:45:31'),(7,1,'LOGIN_SOAP','user',1,NULL,'::ffff:172.26.0.1','2026-01-29 17:45:48'),(8,1,'LOGIN_SOAP','user',1,NULL,'::ffff:172.26.0.1','2026-01-29 17:46:17'),(9,1,'LOGIN_SOAP','user',1,NULL,'::ffff:172.26.0.1','2026-01-29 17:47:10'),(10,1,'LOGIN_SOAP','user',1,NULL,'::ffff:172.26.0.1','2026-01-29 17:47:23'),(11,1,'CREATE_APPOINTMENT','appointment',NULL,'Agendamento para 02/02/2026 às 08:30:00','::ffff:172.26.0.1','2026-01-29 17:48:20'),(12,1,'LOGIN_SOAP','user',1,NULL,'::ffff:172.26.0.1','2026-01-29 17:54:32'),(13,1,'CREATE_APPOINTMENT','appointment',NULL,'Agendamento para 02/02/2026 às 09:30:00','::ffff:172.26.0.1','2026-01-29 17:54:50'),(14,1,'LOGIN_SOAP','user',1,NULL,'::ffff:172.26.0.1','2026-01-29 18:41:43'),(15,1,'LOGIN_SOAP','user',1,NULL,'::ffff:172.26.0.1','2026-01-29 18:46:22'),(16,1,'LOGIN_SOAP','user',1,NULL,'::ffff:172.26.0.1','2026-01-29 22:12:25'),(17,1,'CANCEL_APPOINTMENT','appointment',2,NULL,'::ffff:172.26.0.1','2026-01-29 22:15:44'),(18,1,'CREATE_BLOCK','blocked_slot',NULL,'Bloqueio em 30/01/2026 (full_day)','::ffff:172.26.0.1','2026-01-29 22:55:32'),(19,1,'DELETE_BLOCK','blocked_slot',1,NULL,'::ffff:172.26.0.1','2026-01-29 22:55:38'),(20,1,'CREATE_BLOCK','blocked_slot',NULL,'Bloqueio em 05/02/2026 (full_day)','::ffff:172.26.0.1','2026-01-29 22:55:52'),(21,1,'LOGIN_SOAP','user',1,NULL,'::ffff:172.27.0.1','2026-01-30 11:00:28'),(22,1,'DELETE_BLOCK','blocked_slot',2,NULL,'::ffff:172.27.0.1','2026-01-30 11:01:15'),(23,1,'CREATE_BLOCK','blocked_slot',NULL,'Bloqueio em 12/02/2026 (period)','::ffff:172.27.0.1','2026-01-30 13:43:53'),(24,1,'CANCEL_APPOINTMENT','appointment',1,'Teste','::ffff:172.27.0.1','2026-01-30 13:45:01'),(25,1,'LOGIN_SOAP','user',1,NULL,'::ffff:172.27.0.1','2026-01-30 20:34:20'),(26,1,'CREATE_APPOINTMENT','appointment',NULL,'Agendamento para 03/02/2026 às 08:30:00','::ffff:172.27.0.1','2026-01-31 01:55:28'),(27,1,'LOGIN_SOAP','user',1,NULL,'::ffff:172.27.0.1','2026-01-31 03:49:00'),(28,1,'LOGIN_SOAP','user',1,NULL,'::ffff:172.27.0.1','2026-01-31 03:49:00'),(29,1,'UPDATE_STATUS','appointment',2,'Status alterado para pending','::ffff:172.27.0.1','2026-01-31 05:17:20'),(30,1,'UPDATE_STATUS','appointment',2,'Status alterado para pending','::ffff:172.27.0.1','2026-01-31 05:17:21'),(31,1,'UPDATE_STATUS','appointment',2,'Status alterado para no_show','::ffff:172.27.0.1','2026-01-31 05:17:22'),(32,1,'UPDATE_STATUS','appointment',1,'Status alterado para no_show','::ffff:172.27.0.1','2026-01-31 05:17:28'),(33,1,'CREATE_APPOINTMENT','appointment',NULL,'Agendamento para 04/02/2026 às 08:30:00','::ffff:172.27.0.1','2026-01-31 05:18:15'),(34,1,'CANCEL_APPOINTMENT','appointment',3,'4354','::ffff:172.27.0.1','2026-01-31 05:18:29'),(35,2769,'LOGIN_SOAP','user',2769,NULL,'::ffff:172.27.0.1','2026-02-01 04:41:42'),(36,2769,'CREATE_APPOINTMENT','appointment',NULL,'Agendamento para 03/02/2026 às 08:30:00','::ffff:172.27.0.1','2026-02-01 04:42:02'),(37,2769,'CREATE_APPOINTMENT','appointment',NULL,'Agendamento para 03/02/2026 às 10:00:00','::ffff:172.27.0.1','2026-02-01 04:42:08'),(38,2769,'CANCEL_APPOINTMENT','appointment',5,'Teste','::ffff:172.27.0.1','2026-02-01 05:10:25'),(39,1,'LOGIN_SOAP','user',1,NULL,'::ffff:172.27.0.1','2026-02-01 05:14:11'),(40,1,'UPDATE_STATUS','appointment',4,'Status alterado para completed','::ffff:172.27.0.1','2026-02-01 05:14:52'),(41,1,'UPDATE_STATUS','appointment',4,'Status alterado para no_show','::ffff:172.27.0.1','2026-02-01 05:14:53'),(42,1,'CREATE_BLOCK','blocked_slot',NULL,'Bloqueio em 05/02/2026 (time_slot)','::ffff:172.27.0.1','2026-02-01 05:48:01'),(43,1,'DELETE_BLOCK','blocked_slot',6,NULL,'::ffff:172.27.0.1','2026-02-01 05:48:22'),(44,1,'DELETE_BLOCK','blocked_slot',3,NULL,'::ffff:172.27.0.1','2026-02-01 05:48:23'),(45,1,'DELETE_BLOCK','blocked_slot',4,NULL,'::ffff:172.27.0.1','2026-02-01 05:48:23'),(46,1,'DELETE_BLOCK','blocked_slot',5,NULL,'::ffff:172.27.0.1','2026-02-01 05:48:24'),(47,1,'CREATE_BLOCK','blocked_slot',NULL,'Bloqueio em 12/02/2026 (full_day)','::ffff:172.27.0.1','2026-02-01 05:56:31'),(48,1,'DELETE_BLOCK','blocked_slot',7,NULL,'::ffff:172.27.0.1','2026-02-01 05:56:43'),(49,1,'CREATE_BLOCK','blocked_slot',NULL,'Bloqueio em 04/02/2026 (full_day)','::ffff:172.27.0.1','2026-02-01 08:20:53'),(50,1,'LOGIN_SOAP','user',1,NULL,'::ffff:172.27.0.1','2026-02-01 08:24:35'),(51,1,'CREATE_APPOINTMENT','appointment',8,'Agendamento para 03/02/2026 às 09:30:00','::ffff:172.27.0.1','2026-02-01 08:30:56'),(52,1,'DELETE_BLOCK','blocked_slot',8,NULL,'::ffff:172.27.0.1','2026-02-01 08:44:29'),(53,1,'CREATE_BLOCK','blocked_slot',NULL,'Bloqueio em 04/02/2026 (full_day)','::ffff:172.27.0.1','2026-02-01 08:44:38'),(54,1,'DELETE_BLOCK','blocked_slot',9,NULL,'::ffff:172.27.0.1','2026-02-01 08:44:52'),(55,1,'CREATE_BLOCK','blocked_slot',NULL,'Bloqueio em 10/02/2026 (full_day)','::ffff:172.27.0.1','2026-02-01 08:45:53'),(56,1,'UPDATE_STATUS','appointment',1,'Status alterado para pending','::ffff:172.27.0.1','2026-02-01 08:46:44'),(57,1,'UPDATE_STATUS','appointment',2,'Status alterado para pending','::ffff:172.27.0.1','2026-02-01 08:46:45'),(58,1,'UPDATE_STATUS','appointment',1,'Status alterado para confirmed','::ffff:172.27.0.1','2026-02-01 08:46:50'),(59,1,'UPDATE_STATUS','appointment',2,'Status alterado para confirmed','::ffff:172.27.0.1','2026-02-01 08:46:51'),(60,1,'UPDATE_STATUS','appointment',1,'Status alterado para no_show','::ffff:172.27.0.1','2026-02-01 08:47:10'),(61,1,'UPDATE_STATUS','appointment',1,'Status alterado para pending','::ffff:172.27.0.1','2026-02-01 08:47:11'),(62,1,'UPDATE_STATUS','appointment',1,'Status alterado para completed','::ffff:172.27.0.1','2026-02-01 08:47:12'),(63,1,'UPDATE_STATUS','appointment',1,'Status alterado para confirmed','::ffff:172.27.0.1','2026-02-01 08:47:13'),(64,1,'UPDATE_STATUS','appointment',2,'Status alterado para pending','::ffff:172.27.0.1','2026-02-01 08:47:15'),(65,1,'UPDATE_STATUS','appointment',2,'Status alterado para no_show','::ffff:172.27.0.1','2026-02-01 08:47:16'),(66,1,'UPDATE_STATUS','appointment',1,'Status alterado para no_show','::ffff:172.27.0.1','2026-02-01 08:47:16'),(67,1,'UPDATE_STATUS','appointment',1,'Status alterado para completed','::ffff:172.27.0.1','2026-02-01 08:47:17'),(68,1,'UPDATE_STATUS','appointment',2,'Status alterado para completed','::ffff:172.27.0.1','2026-02-01 08:47:17'),(69,1,'UPDATE_STATUS','appointment',1,'Status alterado para pending','::ffff:172.27.0.1','2026-02-01 08:47:20'),(70,1,'UPDATE_STATUS','appointment',2,'Status alterado para pending','::ffff:172.27.0.1','2026-02-01 08:47:21'),(71,1,'UPDATE_STATUS','appointment',1,'Status alterado para confirmed','::ffff:172.27.0.1','2026-02-01 08:47:22'),(72,1,'UPDATE_STATUS','appointment',2,'Status alterado para confirmed','::ffff:172.27.0.1','2026-02-01 08:47:23'),(73,1,'CANCEL_APPOINTMENT','appointment',7,'.','::ffff:172.27.0.1','2026-02-01 08:47:37'),(74,1,'CANCEL_APPOINTMENT','appointment',8,'.','::ffff:172.27.0.1','2026-02-01 08:47:39'),(75,1,'CANCEL_APPOINTMENT','appointment',1,'.','::ffff:172.27.0.1','2026-02-01 08:47:40'),(76,1,'CANCEL_APPOINTMENT','appointment',2,'.','::ffff:172.27.0.1','2026-02-01 08:47:42'),(77,1,'UPDATE_STATUS','appointment',4,'Status alterado para completed','::ffff:172.27.0.1','2026-02-01 08:48:00'),(78,1,'UPDATE_STATUS','appointment',4,'Status alterado para confirmed','::ffff:172.27.0.1','2026-02-01 08:48:01'),(79,1,'CANCEL_APPOINTMENT','appointment',4,'34','::ffff:172.27.0.1','2026-02-01 08:48:05'),(80,1,'UPDATE_STATUS','appointment',6,'Status alterado para no_show','::ffff:172.27.0.1','2026-02-01 08:49:34'),(81,1,'UPDATE_STATUS','appointment',6,'Status alterado para completed','::ffff:172.27.0.1','2026-02-01 08:49:36'),(82,1,'UPDATE_STATUS','appointment',6,'Status alterado para confirmed','::ffff:172.27.0.1','2026-02-01 08:49:37'),(83,1,'UPDATE_STATUS','appointment',3,'Status alterado para no_show','::ffff:172.27.0.1','2026-02-01 08:50:04'),(84,1,'UPDATE_STATUS','appointment',5,'Status alterado para no_show','::ffff:172.27.0.1','2026-02-01 08:50:05'),(85,1,'UPDATE_STATUS','appointment',7,'Status alterado para no_show','::ffff:172.27.0.1','2026-02-01 08:50:06'),(86,1,'UPDATE_STATUS','appointment',3,'Status alterado para pending','::ffff:172.27.0.1','2026-02-01 08:50:08'),(87,1,'UPDATE_STATUS','appointment',5,'Status alterado para pending','::ffff:172.27.0.1','2026-02-01 08:50:10'),(88,1,'UPDATE_STATUS','appointment',7,'Status alterado para pending','::ffff:172.27.0.1','2026-02-01 08:50:11'),(89,1,'UPDATE_STATUS','appointment',8,'Status alterado para pending','::ffff:172.27.0.1','2026-02-01 08:50:12'),(90,1,'UPDATE_STATUS','appointment',6,'Status alterado para pending','::ffff:172.27.0.1','2026-02-01 08:50:12'),(91,1,'UPDATE_STATUS','appointment',6,'Status alterado para confirmed','::ffff:172.27.0.1','2026-02-01 08:50:13'),(92,1,'UPDATE_STATUS','appointment',6,'Status alterado para pending','::ffff:172.27.0.1','2026-02-01 08:50:13'),(93,1,'UPDATE_STATUS','appointment',2,'Status alterado para pending','::ffff:172.27.0.1','2026-02-01 08:50:34'),(94,1,'UPDATE_STATUS','appointment',2,'Status alterado para confirmed','::ffff:172.27.0.1','2026-02-01 08:50:35'),(95,1,'UPDATE_STATUS','appointment',2,'Status alterado para completed','::ffff:172.27.0.1','2026-02-01 08:50:48'),(96,1,'UPDATE_STATUS','appointment',2,'Status alterado para confirmed','::ffff:172.27.0.1','2026-02-01 08:50:50'),(97,1,'UPDATE_STATUS','appointment',2,'Status alterado para pending','::ffff:172.27.0.1','2026-02-01 08:50:51'),(98,1,'UPDATE_STATUS','appointment',2,'Status alterado para completed','::ffff:172.27.0.1','2026-02-01 08:50:52'),(99,1,'UPDATE_STATUS','appointment',2,'Status alterado para no_show','::ffff:172.27.0.1','2026-02-01 08:50:52'),(100,1,'UPDATE_STATUS','appointment',2,'Status alterado para completed','::ffff:172.27.0.1','2026-02-01 08:50:53'),(101,1,'UPDATE_STATUS','appointment',6,'Status alterado para confirmed','::ffff:172.27.0.1','2026-02-01 08:52:02'),(102,1,'UPDATE_STATUS','appointment',6,'Status alterado para completed','::ffff:172.27.0.1','2026-02-01 08:52:03'),(103,1,'UPDATE_STATUS','appointment',6,'Status alterado para confirmed','::ffff:172.27.0.1','2026-02-01 08:52:04'),(104,1,'LOGIN_SOAP','user',1,NULL,'::ffff:172.27.0.1','2026-02-01 19:53:15'),(105,1,'UPDATE_STATUS','appointment',3,'Status alterado para completed','::ffff:172.27.0.1','2026-02-01 22:07:02'),(106,1,'UPDATE_STATUS','appointment',5,'Status alterado para completed','::ffff:172.27.0.1','2026-02-01 22:07:03'),(107,1,'UPDATE_STATUS','appointment',7,'Status alterado para completed','::ffff:172.27.0.1','2026-02-01 22:07:04'),(108,1,'UPDATE_STATUS','appointment',8,'Status alterado para completed','::ffff:172.27.0.1','2026-02-01 22:07:04'),(109,1,'UPDATE_STATUS','appointment',6,'Status alterado para completed','::ffff:172.27.0.1','2026-02-01 22:07:05'),(110,1,'UPDATE_STATUS','appointment',3,'Status alterado para confirmed','::ffff:172.27.0.1','2026-02-01 22:07:06'),(111,1,'UPDATE_STATUS','appointment',3,'Status alterado para no_show','::ffff:172.27.0.1','2026-02-01 22:07:07'),(112,1,'UPDATE_STATUS','appointment',3,'Status alterado para pending','::ffff:172.27.0.1','2026-02-01 22:07:08'),(113,1,'UPDATE_STATUS','appointment',3,'Status alterado para no_show','::ffff:172.27.0.1','2026-02-01 22:07:09'),(114,1,'UPDATE_STATUS','appointment',5,'Status alterado para no_show','::ffff:172.27.0.1','2026-02-01 22:07:10'),(115,1,'UPDATE_STATUS','appointment',8,'Status alterado para no_show','::ffff:172.27.0.1','2026-02-01 22:07:11'),(116,1,'UPDATE_STATUS','appointment',6,'Status alterado para no_show','::ffff:172.27.0.1','2026-02-01 22:07:12'),(117,1,'UPDATE_STATUS','appointment',8,'Status alterado para no_show','::ffff:172.27.0.1','2026-02-01 22:07:12'),(118,1,'UPDATE_STATUS','appointment',7,'Status alterado para no_show','::ffff:172.27.0.1','2026-02-01 22:07:12'),(119,1,'UPDATE_STATUS','appointment',1,'Status alterado para no_show','::ffff:172.27.0.1','2026-02-02 01:16:13'),(120,1,'UPDATE_STATUS','appointment',1,'Status alterado para completed','::ffff:172.27.0.1','2026-02-02 01:16:15'),(121,1,'UPDATE_STATUS','appointment',1,'Status alterado para no_show','::ffff:172.27.0.1','2026-02-02 01:16:16'),(122,1,'UPDATE_STATUS','appointment',1,'Status alterado para no_show','::ffff:172.27.0.1','2026-02-02 01:16:16'),(123,1,'UPDATE_STATUS','appointment',1,'Status alterado para pending','::ffff:172.27.0.1','2026-02-02 01:16:17'),(124,1,'UPDATE_STATUS','appointment',1,'Status alterado para confirmed','::ffff:172.27.0.1','2026-02-02 01:16:17'),(125,1,'UPDATE_STATUS','appointment',1,'Status alterado para completed','::ffff:172.27.0.1','2026-02-02 01:16:33'),(126,2769,'LOGIN_SOAP','user',2769,NULL,'::ffff:172.27.0.1','2026-02-02 01:32:43'),(127,2769,'CREATE_APPOINTMENT','appointment',9,'Agendamento para 03/02/2026 às 08:30:00','::ffff:172.27.0.1','2026-02-02 01:32:54'),(128,1,'LOGIN_SOAP','user',1,NULL,'::ffff:172.27.0.1','2026-02-02 01:38:09'),(129,1,'CANCEL_APPOINTMENT','appointment',1,'t','::ffff:172.27.0.1','2026-02-02 01:39:30'),(130,1,'CANCEL_APPOINTMENT','appointment',2,'t','::ffff:172.27.0.1','2026-02-02 01:39:36'),(131,1,'UPDATE_STATUS','appointment',1,'Status alterado para no_show','::ffff:172.27.0.1','2026-02-02 01:39:46'),(132,1,'UPDATE_STATUS','appointment',2,'Status alterado para no_show','::ffff:172.27.0.1','2026-02-02 01:39:47'),(133,1,'CANCEL_APPOINTMENT','appointment',2,'t','::ffff:172.27.0.1','2026-02-02 01:39:49'),(134,1,'CANCEL_APPOINTMENT','appointment',1,'t','::ffff:172.27.0.1','2026-02-02 01:39:53'),(135,1,'UPDATE_STATUS','appointment',3,'Status alterado para completed','::ffff:172.27.0.1','2026-02-02 01:40:17'),(136,1,'UPDATE_STATUS','appointment',9,'Status alterado para completed','::ffff:172.27.0.1','2026-02-02 01:40:17'),(137,1,'UPDATE_STATUS','appointment',3,'Status alterado para confirmed','::ffff:172.27.0.1','2026-02-02 01:40:19'),(138,1,'UPDATE_STATUS','appointment',5,'Status alterado para confirmed','::ffff:172.27.0.1','2026-02-02 01:40:20'),(139,1,'UPDATE_STATUS','appointment',9,'Status alterado para confirmed','::ffff:172.27.0.1','2026-02-02 01:40:20'),(140,1,'UPDATE_STATUS','appointment',7,'Status alterado para confirmed','::ffff:172.27.0.1','2026-02-02 01:40:20'),(141,1,'UPDATE_STATUS','appointment',8,'Status alterado para confirmed','::ffff:172.27.0.1','2026-02-02 01:40:21'),(142,1,'UPDATE_STATUS','appointment',6,'Status alterado para confirmed','::ffff:172.27.0.1','2026-02-02 01:40:21'),(143,1,'CANCEL_APPOINTMENT','appointment',8,'1','::ffff:172.27.0.1','2026-02-02 01:55:16'),(144,1,'CANCEL_APPOINTMENT','appointment',7,'3123','::ffff:172.27.0.1','2026-02-02 01:57:07'),(145,1,'CREATE_BLOCK','blocked_slot',NULL,'Bloqueio em 12/02/2026 (full_day)','::ffff:172.27.0.1','2026-02-02 01:58:09'),(146,1,'LOGIN_SOAP','user',1,NULL,'::ffff:172.27.0.1','2026-02-02 02:19:30'),(147,1,'CANCEL_APPOINTMENT','appointment',1,'1','::ffff:172.27.0.1','2026-02-02 02:24:52'),(148,1,'CANCEL_APPOINTMENT','appointment',3,'1','::ffff:172.27.0.1','2026-02-02 02:24:59'),(149,1,'CANCEL_APPOINTMENT','appointment',5,'1','::ffff:172.27.0.1','2026-02-02 02:25:02'),(150,1,'CANCEL_APPOINTMENT','appointment',6,'1','::ffff:172.27.0.1','2026-02-02 02:25:04'),(151,1,'CANCEL_APPOINTMENT','appointment',9,'1','::ffff:172.27.0.1','2026-02-02 02:25:12'),(152,2769,'LOGIN_SOAP','user',2769,NULL,'::ffff:172.27.0.1','2026-02-02 02:25:51'),(153,2769,'CREATE_APPOINTMENT','appointment',10,'Agendamento criado para 03/02/2026 às 08:00:00','::ffff:172.27.0.1','2026-02-02 02:25:59'),(154,2769,'CREATE_APPOINTMENT','appointment',11,'Agendamento criado para 03/02/2026 às 08:30:00','::ffff:172.27.0.1','2026-02-02 02:26:07'),(155,1,'LOGIN_SOAP','user',1,NULL,'::ffff:172.27.0.1','2026-02-02 02:26:19'),(156,2769,'LOGIN_SOAP','user',2769,NULL,'::ffff:172.27.0.1','2026-02-02 02:38:11'),(157,2769,'LOGIN_SOAP','user',2769,NULL,'::ffff:172.27.0.1','2026-02-02 02:39:17'),(158,1,'LOGIN_SOAP','user',1,NULL,'::ffff:172.27.0.1','2026-02-02 02:39:30'),(159,1,'UPDATE_STATUS','appointment',9,'Status alterado para no_show','::ffff:172.27.0.1','2026-02-02 02:43:02'),(160,1,'CANCEL_APPOINTMENT','appointment',9,'1','::ffff:172.27.0.1','2026-02-02 02:43:06'),(161,2769,'LOGIN_SOAP','user',2769,NULL,'::ffff:172.27.0.1','2026-02-02 10:35:06'),(162,2769,'LOGIN_SOAP','user',2769,NULL,'::ffff:172.27.0.1','2026-02-02 14:37:06'),(163,1,'UPDATE_STATUS','appointment',7,'Status alterado para no_show','::ffff:172.27.0.1','2026-02-02 14:48:15'),(164,1,'CANCEL_APPOINTMENT','appointment',7,'1','::ffff:172.27.0.1','2026-02-02 14:48:20'),(165,1,'UPDATE_STATUS','appointment',2,'Status alterado para no_show','::ffff:172.27.0.1','2026-02-02 15:09:03'),(166,1,'UPDATE_STATUS','appointment',2,'Status alterado para confirmed','::ffff:172.27.0.1','2026-02-02 15:09:06'),(167,1,'LOGIN_SOAP','user',1,NULL,'::ffff:172.27.0.1','2026-02-02 15:09:58'),(168,2769,'CREATE_APPOINTMENT','appointment',12,'Agendamento criado para 03/02/2026 às 10:30:00','::ffff:172.27.0.1','2026-02-02 18:23:21'),(169,2769,'CREATE_APPOINTMENT','appointment',13,'Agendamento criado para 03/02/2026 às 11:00:00','::ffff:172.27.0.1','2026-02-02 18:31:19'),(170,2769,'CREATE_APPOINTMENT','appointment',14,'Agendamento criado para 03/02/2026 às 12:30:00','::ffff:172.27.0.1','2026-02-02 18:31:23'),(171,2769,'CREATE_APPOINTMENT','appointment',15,'Agendamento criado para 03/02/2026 às 11:30:00','::ffff:172.27.0.1','2026-02-02 18:31:30'),(172,2769,'LOGIN_SOAP','user',2769,NULL,'::ffff:172.27.0.1','2026-02-03 02:29:37'),(173,2769,'LOGIN_SOAP','user',2769,NULL,'::ffff:172.27.0.1','2026-02-04 11:54:27'),(174,1,'LOGIN_SOAP','user',1,NULL,'::ffff:172.27.0.1','2026-02-04 12:03:15'),(175,2769,'LOGIN_SOAP','user',2769,NULL,'::ffff:172.27.0.1','2026-02-04 12:03:49'),(176,1,'CANCEL_APPOINTMENT','appointment',14,'1','::ffff:172.27.0.1','2026-02-04 12:04:03'),(177,1,'CANCEL_APPOINTMENT','appointment',4,'t','::ffff:172.27.0.1','2026-02-04 12:07:13'),(178,1,'UPDATE_STATUS','appointment',4,'Status alterado para no_show','::ffff:172.27.0.1','2026-02-04 12:15:54'),(179,1,'UPDATE_STATUS','appointment',4,'Status alterado para completed','::ffff:172.27.0.1','2026-02-04 12:15:56'),(180,1,'UPDATE_STATUS','appointment',15,'Status alterado para completed','::ffff:172.27.0.1','2026-02-04 12:16:03'),(181,1,'UPDATE_STATUS','appointment',15,'Status alterado para completed','::ffff:172.27.0.1','2026-02-04 12:16:06'),(182,1,'UPDATE_STATUS','appointment',13,'Status alterado para completed','::ffff:172.27.0.1','2026-02-04 12:16:08'),(183,1,'UPDATE_STATUS','appointment',12,'Status alterado para completed','::ffff:172.27.0.1','2026-02-04 12:16:10'),(184,1,'UPDATE_STATUS','appointment',6,'Status alterado para completed','::ffff:172.27.0.1','2026-02-04 12:16:13'),(185,1,'UPDATE_STATUS','appointment',8,'Status alterado para completed','::ffff:172.27.0.1','2026-02-04 12:16:14'),(186,1,'UPDATE_STATUS','appointment',11,'Status alterado para completed','::ffff:172.27.0.1','2026-02-04 12:16:16'),(187,1,'CANCEL_APPOINTMENT','appointment',4,'teste','::ffff:172.27.0.1','2026-02-04 12:16:35'),(188,1,'CANCEL_APPOINTMENT','appointment',15,'teste','::ffff:172.27.0.1','2026-02-04 12:16:44'),(189,1,'SEND_NOTIFICATION','appointment',4,'Notificação enviada: teste...','::ffff:172.27.0.1','2026-02-04 12:21:45'),(190,1,'CREATE_BLOCK','blocked_slot',NULL,'Bloqueio em 23/02/2026 (period)','::ffff:172.27.0.1','2026-02-04 12:23:32'),(191,1,'UPDATE_STATUS','appointment',4,'Status alterado para no_show','::ffff:172.27.0.1','2026-02-04 12:31:59'),(192,1,'UPDATE_STATUS','appointment',4,'Status alterado para completed','::ffff:172.27.0.1','2026-02-04 12:32:00'),(193,1,'UPDATE_STATUS','appointment',4,'Status alterado para pending','::ffff:172.27.0.1','2026-02-04 12:32:01'),(194,1,'UPDATE_STATUS','appointment',4,'Status alterado para no_show','::ffff:172.27.0.1','2026-02-04 12:32:02'),(195,1,'UPDATE_STATUS','appointment',4,'Status alterado para pending','::ffff:172.27.0.1','2026-02-04 12:32:03'),(196,1,'UPDATE_STATUS','appointment',4,'Status alterado para completed','::ffff:172.27.0.1','2026-02-04 12:32:04'),(197,1,'CANCEL_APPOINTMENT','appointment',4,'1','::ffff:172.27.0.1','2026-02-04 12:32:08'),(198,1,'UPDATE_EMAIL_TEMPLATE','email_template',NULL,'Template de e-mail (custom_notification) atualizado','::ffff:172.27.0.1','2026-02-04 12:38:05'),(199,1,'DELETE_BLOCK','blocked_slot',12,NULL,'::ffff:172.27.0.1','2026-02-04 12:38:10'),(200,1,'CREATE_BLOCK','blocked_slot',NULL,'Bloqueio em 27/02/2026 (full_day)','::ffff:172.27.0.1','2026-02-04 12:38:23'),(201,1,'UPDATE_EMAIL_TEMPLATE','email_template',NULL,'Template de e-mail (custom_notification) atualizado','::ffff:172.27.0.1','2026-02-04 12:38:32'),(202,1,'UPDATE_STATUS','appointment',4,'Status alterado para completed','::ffff:172.27.0.1','2026-02-04 12:38:34'),(203,1,'UPDATE_STATUS','appointment',4,'Status alterado para no_show','::ffff:172.27.0.1','2026-02-04 12:38:35'),(204,1,'UPDATE_STATUS','appointment',4,'Status alterado para completed','::ffff:172.27.0.1','2026-02-04 12:38:36'),(205,1,'CANCEL_APPOINTMENT','appointment',4,'1','::ffff:172.27.0.1','2026-02-04 12:38:37'),(206,2769,'CREATE_APPOINTMENT','appointment',16,'Agendamento criado para 05/02/2026 às 08:30:00','::ffff:172.27.0.1','2026-02-04 12:39:15'),(207,1,'UPDATE_STATUS','appointment',16,'Status alterado para no_show','::ffff:172.27.0.1','2026-02-04 12:44:02'),(208,1,'UPDATE_STATUS','appointment',6,'Status alterado para no_show','::ffff:172.27.0.1','2026-02-04 12:44:10'),(209,1,'UPDATE_STATUS','appointment',16,'Status alterado para pending','::ffff:172.27.0.1','2026-02-04 12:44:42'),(210,1,'UPDATE_STATUS','appointment',16,'Status alterado para no_show','::ffff:172.27.0.1','2026-02-04 12:44:44'),(211,1,'UPDATE_STATUS','appointment',10,'Status alterado para no_show','::ffff:172.27.0.1','2026-02-04 12:44:59'),(212,1,'UPDATE_STATUS','appointment',4,'Status alterado para completed','::ffff:172.27.0.1','2026-02-04 14:18:01'),(213,1,'UPDATE_STATUS','appointment',4,'Status alterado para no_show','::ffff:172.27.0.1','2026-02-04 14:18:02'),(214,2769,'CREATE_APPOINTMENT','appointment',17,'Agendamento criado para 05/02/2026 às 08:30:00','::ffff:172.27.0.1','2026-02-04 14:32:24'),(215,2769,'CREATE_APPOINTMENT','appointment',18,'Agendamento criado para 06/02/2026 às 08:30:00','::ffff:172.27.0.1','2026-02-04 14:44:01'),(216,2769,'CREATE_APPOINTMENT','appointment',19,'Agendamento criado para 06/02/2026 às 10:30:00','::ffff:172.27.0.1','2026-02-04 14:44:09'),(217,2769,'CREATE_APPOINTMENT','appointment',20,'Agendamento criado para 06/02/2026 às 10:00:00','::ffff:172.27.0.1','2026-02-04 14:44:23'),(218,2769,'CREATE_APPOINTMENT','appointment',21,'Agendamento criado para 06/02/2026 às 11:30:00','::ffff:172.27.0.1','2026-02-04 14:45:23'),(219,2769,'CANCEL_APPOINTMENT','appointment',21,'1','::ffff:172.27.0.1','2026-02-04 15:01:13'),(220,2769,'CANCEL_APPOINTMENT','appointment',20,'1','::ffff:172.27.0.1','2026-02-04 15:01:15'),(221,2769,'CANCEL_APPOINTMENT','appointment',19,'1','::ffff:172.27.0.1','2026-02-04 15:01:17'),(222,2769,'CANCEL_APPOINTMENT','appointment',17,'1','::ffff:172.27.0.1','2026-02-04 15:01:18'),(223,2769,'CANCEL_APPOINTMENT','appointment',18,'1','::ffff:172.27.0.1','2026-02-04 15:01:20'),(224,1,'CANCEL_APPOINTMENT','appointment',11,'1','::ffff:172.27.0.1','2026-02-04 15:02:20'),(225,1,'CANCEL_APPOINTMENT','appointment',8,'1','::ffff:172.27.0.1','2026-02-04 15:02:25'),(226,1,'CANCEL_APPOINTMENT','appointment',6,'1','::ffff:172.27.0.1','2026-02-04 15:02:29'),(227,1,'CANCEL_APPOINTMENT','appointment',12,'1','::ffff:172.27.0.1','2026-02-04 15:02:31'),(228,1,'CANCEL_APPOINTMENT','appointment',13,'1','::ffff:172.27.0.1','2026-02-04 15:02:34'),(229,1,'CANCEL_APPOINTMENT','appointment',10,'1','::ffff:172.27.0.1','2026-02-04 15:02:39'),(230,1,'CANCEL_APPOINTMENT','appointment',16,'1','::ffff:172.27.0.1','2026-02-04 15:03:01'),(231,2769,'LOGIN_SOAP','user',2769,NULL,'::ffff:172.27.0.1','2026-02-04 15:48:20'),(232,2769,'CREATE_APPOINTMENT','appointment',22,'Agendamento criado para 05/02/2026 às 08:30:00','::ffff:172.27.0.1','2026-02-04 16:05:45'),(233,2769,'CANCEL_APPOINTMENT','appointment',22,'1','::ffff:172.27.0.1','2026-02-04 16:05:50'),(234,2769,'CREATE_APPOINTMENT','appointment',23,'Agendamento criado para 06/02/2026 às 08:30:00','::ffff:172.27.0.1','2026-02-04 16:06:54'),(235,2769,'CREATE_APPOINTMENT','appointment',24,'Agendamento criado para 05/02/2026 às 08:30:00','::ffff:172.27.0.1','2026-02-04 16:07:27'),(236,2769,'LOGIN_SOAP','user',2769,NULL,'::ffff:172.27.0.1','2026-02-05 13:42:37'),(237,2769,'LOGIN_SOAP','user',2769,NULL,'::ffff:172.27.0.1','2026-02-05 16:34:00'),(238,2769,'CREATE_APPOINTMENT','appointment',25,'Agendamento criado para 04/03/2026 às 08:00:00','::ffff:172.27.0.1','2026-02-05 16:34:09'),(239,2769,'CREATE_APPOINTMENT','appointment',26,'Agendamento criado para 12/03/2026 às 10:00:00','::ffff:172.27.0.1','2026-02-05 16:34:16'),(240,1,'LOGIN_SOAP','user',1,NULL,'::ffff:172.27.0.1','2026-02-05 17:13:47'),(241,1,'UPDATE_EMAIL_TEMPLATE','email_template',NULL,'Template de e-mail (custom_notification) atualizado','::ffff:172.27.0.1','2026-02-05 17:24:04'),(242,1,'UPDATE_EMAIL_TEMPLATE','email_template',NULL,'Template de e-mail (custom_notification) atualizado','::ffff:172.27.0.1','2026-02-05 17:24:06'),(243,1,'CREATE_BLOCK','blocked_slot',NULL,'Bloqueio em 19/02/2026 (full_day)','::ffff:172.27.0.1','2026-02-05 17:27:16'),(244,1,'DELETE_BLOCK','blocked_slot',15,NULL,'::ffff:172.27.0.1','2026-02-05 17:27:19'),(245,1,'CREATE_BLOCK','blocked_slot',NULL,'Bloqueio em 19/02/2026 (full_day)','::ffff:172.27.0.1','2026-02-05 17:27:43'),(246,1,'DELETE_BLOCK','blocked_slot',16,NULL,'::ffff:172.27.0.1','2026-02-05 17:27:52'),(247,1,'DELETE_BLOCK','blocked_slot',14,NULL,'::ffff:172.27.0.1','2026-02-05 17:27:54'),(248,1,'DELETE_BLOCK','blocked_slot',13,NULL,'::ffff:172.27.0.1','2026-02-05 17:27:54'),(249,1,'DELETE_BLOCK','blocked_slot',10,NULL,'::ffff:172.27.0.1','2026-02-05 17:27:55'),(250,1,'CREATE_BLOCK','blocked_slot',NULL,'Bloqueio em 26/02/2026 (full_day)','::ffff:172.27.0.1','2026-02-05 17:28:10'),(251,1,'UPDATE_STATUS','appointment',16,'Status alterado para no_show','::ffff:172.27.0.1','2026-02-05 17:30:06'),(252,1,'CANCEL_APPOINTMENT','appointment',16,'1','::ffff:172.27.0.1','2026-02-05 17:30:09'),(253,1,'UPDATE_EMAIL_TEMPLATE','email_template',NULL,'Template de e-mail (custom_notification) atualizado','::ffff:172.27.0.1','2026-02-05 17:34:44'),(254,1,'CREATE_BLOCK','blocked_slot',NULL,'Bloqueio em 01/03/2026 (period)','::ffff:172.27.0.1','2026-02-05 17:35:41'),(255,1,'CREATE_BLOCK','blocked_slot',NULL,'Bloqueio em 12/03/2026 (full_day)','::ffff:172.27.0.1','2026-02-05 17:37:55'),(256,1,'CREATE_BLOCK','blocked_slot',NULL,'Bloqueio em 19/02/2026 (full_day)','::ffff:172.27.0.1','2026-02-05 17:39:14'),(257,1,'CREATE_BLOCK','blocked_slot',NULL,'Bloqueio em 22/02/2026 (time_slot)','::ffff:172.27.0.1','2026-02-05 17:39:39'),(258,1,'CREATE_BLOCK','blocked_slot',NULL,'Bloqueio em 04/03/2026 (period)','::ffff:172.27.0.1','2026-02-05 17:40:09'),(259,1,'DELETE_BLOCK','blocked_slot',26,NULL,'::ffff:172.27.0.1','2026-02-05 17:41:45'),(260,1,'CREATE_BLOCK','blocked_slot',NULL,'Bloqueio em 16/02/2026 (time_slot)','::ffff:172.27.0.1','2026-02-05 17:41:57'),(261,1,'DELETE_BLOCK','blocked_slot',11,NULL,'::ffff:172.27.0.1','2026-02-05 17:46:18'),(262,1,'DELETE_BLOCK','blocked_slot',33,NULL,'::ffff:172.27.0.1','2026-02-05 17:46:18'),(263,1,'DELETE_BLOCK','blocked_slot',25,NULL,'::ffff:172.27.0.1','2026-02-05 17:46:19'),(264,1,'DELETE_BLOCK','blocked_slot',17,NULL,'::ffff:172.27.0.1','2026-02-05 17:46:19'),(265,1,'DELETE_BLOCK','blocked_slot',18,NULL,'::ffff:172.27.0.1','2026-02-05 17:46:20'),(266,1,'DELETE_BLOCK','blocked_slot',19,NULL,'::ffff:172.27.0.1','2026-02-05 17:46:20'),(267,1,'DELETE_BLOCK','blocked_slot',20,NULL,'::ffff:172.27.0.1','2026-02-05 17:46:20'),(268,1,'DELETE_BLOCK','blocked_slot',21,NULL,'::ffff:172.27.0.1','2026-02-05 17:46:20'),(269,1,'DELETE_BLOCK','blocked_slot',27,NULL,'::ffff:172.27.0.1','2026-02-05 17:46:21'),(270,1,'DELETE_BLOCK','blocked_slot',22,NULL,'::ffff:172.27.0.1','2026-02-05 17:46:21'),(271,1,'DELETE_BLOCK','blocked_slot',28,NULL,'::ffff:172.27.0.1','2026-02-05 17:46:21'),(272,1,'DELETE_BLOCK','blocked_slot',23,NULL,'::ffff:172.27.0.1','2026-02-05 17:46:21'),(273,1,'DELETE_BLOCK','blocked_slot',29,NULL,'::ffff:172.27.0.1','2026-02-05 17:46:21'),(274,1,'DELETE_BLOCK','blocked_slot',30,NULL,'::ffff:172.27.0.1','2026-02-05 17:46:22'),(275,1,'DELETE_BLOCK','blocked_slot',31,NULL,'::ffff:172.27.0.1','2026-02-05 17:46:22'),(276,1,'DELETE_BLOCK','blocked_slot',32,NULL,'::ffff:172.27.0.1','2026-02-05 17:46:23'),(277,1,'DELETE_BLOCK','blocked_slot',24,NULL,'::ffff:172.27.0.1','2026-02-05 17:46:23'),(278,2769,'LOGIN_SOAP','user',2769,NULL,'::ffff:172.27.0.1','2026-02-05 17:46:46'),(279,1,'CREATE_BLOCK','blocked_slot',NULL,'Bloqueio em 12/02/6 (full_day)','::ffff:172.27.0.1','2026-02-05 17:50:36'),(280,1,'CREATE_BLOCK','blocked_slot',NULL,'Bloqueio em 12/03/2026 (full_day)','::ffff:172.27.0.1','2026-02-05 17:51:20'),(281,1,'CREATE_BLOCK','blocked_slot',NULL,'Bloqueio em 12/02/2026 (full_day)','::ffff:172.27.0.1','2026-02-05 17:51:34'),(282,1,'CREATE_BLOCK','blocked_slot',NULL,'Bloqueio em 20/02/2026 (time_slot)','::ffff:172.27.0.1','2026-02-05 17:51:50'),(283,1,'CREATE_BLOCK','blocked_slot',NULL,'Bloqueio em 23/02/2026 (period)','::ffff:172.27.0.1','2026-02-05 17:52:04'),(284,2769,'CANCEL_APPOINTMENT','appointment',26,'Motivo: 1','::ffff:172.27.0.1','2026-02-05 18:18:37'),(285,2769,'CANCEL_APPOINTMENT','appointment',25,'Motivo: 1','::ffff:172.27.0.1','2026-02-05 18:18:43'),(286,2769,'CANCEL_APPOINTMENT','appointment',23,'Motivo: 1','::ffff:172.27.0.1','2026-02-05 18:18:45'),(287,2769,'CREATE_APPOINTMENT','appointment',27,NULL,'::ffff:172.27.0.1','2026-02-05 18:27:44'),(288,1,'LOGIN_SOAP','user',1,NULL,'::ffff:10.76.53.1','2026-02-05 21:44:32'),(289,1,'UPDATE_APPOINTMENT_STATUS','appointment',16,'Status alterado para: no_show','::ffff:10.76.53.1','2026-02-05 21:46:32'),(290,1,'UPDATE_APPOINTMENT_STATUS','appointment',16,'Status alterado para: confirmed','::ffff:10.76.53.1','2026-02-05 21:46:35'),(291,1,'SEND_NOTIFICATION','appointment',16,'Notificação enviada: t...','::ffff:10.76.53.1','2026-02-05 21:46:40'),(292,1,'CANCEL_APPOINTMENT','appointment',16,'Motivo: 1','::ffff:10.76.53.1','2026-02-05 21:48:16'),(293,2769,'LOGIN_SOAP','user',2769,NULL,'::ffff:10.76.53.1','2026-02-05 21:52:23'),(294,2769,'LOGIN_SOAP','user',2769,NULL,'::ffff:10.76.53.1','2026-02-05 21:55:07');
/*!40000 ALTER TABLE `audit_logs` ENABLE KEYS */;
UNLOCK TABLES;

--
-- Table structure for table `blocked_slots`
--

DROP TABLE IF EXISTS `blocked_slots`;
/*!40101 SET @saved_cs_client     = @@character_set_client */;
/*!50503 SET character_set_client = utf8mb4 */;
CREATE TABLE `blocked_slots` (
  `id` int NOT NULL AUTO_INCREMENT,
  `blockedDate` datetime NOT NULL,
  `startTime` varchar(8) COLLATE utf8mb4_general_ci NOT NULL,
  `endTime` varchar(8) COLLATE utf8mb4_general_ci NOT NULL,
  `blockType` enum('full_day','time_slot') COLLATE utf8mb4_general_ci NOT NULL,
  `reason` text COLLATE utf8mb4_general_ci NOT NULL,
  `createdBy` int NOT NULL,
  `createdAt` timestamp NOT NULL DEFAULT CURRENT_TIMESTAMP,
  `updatedAt` timestamp NOT NULL DEFAULT CURRENT_TIMESTAMP ON UPDATE CURRENT_TIMESTAMP,
  PRIMARY KEY (`id`),
  KEY `blockedDate_idx` (`blockedDate`),
  KEY `blockType_idx` (`blockType`)
) ENGINE=InnoDB AUTO_INCREMENT=41 DEFAULT CHARSET=utf8mb4 COLLATE=utf8mb4_general_ci;
/*!40101 SET character_set_client = @saved_cs_client */;

--
-- Dumping data for table `blocked_slots`
--

LOCK TABLES `blocked_slots` WRITE;
/*!40000 ALTER TABLE `blocked_slots` DISABLE KEYS */;
INSERT INTO `blocked_slots` VALUES (34,'0006-02-12 15:06:28','00:00:00','23:59:59','full_day','Teste Dia inteiro',1,'2026-02-05 17:50:36','2026-02-05 17:50:36'),(35,'2026-03-12 15:00:00','00:00:00','23:59:59','full_day','teste',1,'2026-02-05 17:51:20','2026-02-05 17:51:20'),(36,'2026-02-12 15:00:00','00:00:00','23:59:59','full_day','teste',1,'2026-02-05 17:51:34','2026-02-05 17:51:34'),(37,'2026-02-20 15:00:00','08:00:00','09:00:00','time_slot','teste horario',1,'2026-02-05 17:51:50','2026-02-05 17:51:50'),(38,'2026-02-23 15:00:00','00:00:00','23:59:59','full_day','Teste Periodo',1,'2026-02-05 17:52:04','2026-02-05 17:52:04'),(39,'2026-02-24 15:00:00','00:00:00','23:59:59','full_day','Teste Periodo',1,'2026-02-05 17:52:04','2026-02-05 17:52:04'),(40,'2026-02-25 15:00:00','00:00:00','23:59:59','full_day','Teste Periodo',1,'2026-02-05 17:52:04','2026-02-05 17:52:04');
/*!40000 ALTER TABLE `blocked_slots` ENABLE KEYS */;
UNLOCK TABLES;

--
-- Table structure for table `email_queue`
--

DROP TABLE IF EXISTS `email_queue`;
/*!40101 SET @saved_cs_client     = @@character_set_client */;
/*!50503 SET character_set_client = utf8mb4 */;
CREATE TABLE `email_queue` (
  `id` int NOT NULL AUTO_INCREMENT,
  `toEmail` varchar(320) COLLATE utf8mb4_general_ci NOT NULL,
  `toName` varchar(255) COLLATE utf8mb4_general_ci DEFAULT NULL,
  `subject` varchar(255) COLLATE utf8mb4_general_ci NOT NULL,
  `body` text COLLATE utf8mb4_general_ci NOT NULL,
  `emailType` varchar(50) COLLATE utf8mb4_general_ci NOT NULL,
  `appointmentId` int DEFAULT NULL,
  `userId` int DEFAULT NULL,
  `status` enum('pending','sent','failed') COLLATE utf8mb4_general_ci NOT NULL DEFAULT 'pending',
  `sentAt` timestamp NULL DEFAULT NULL,
  `failureReason` text COLLATE utf8mb4_general_ci,
  `retryCount` int NOT NULL DEFAULT '0',
  `createdAt` timestamp NOT NULL DEFAULT CURRENT_TIMESTAMP,
  `updatedAt` timestamp NOT NULL DEFAULT CURRENT_TIMESTAMP ON UPDATE CURRENT_TIMESTAMP,
  PRIMARY KEY (`id`),
  KEY `status_idx` (`status`),
  KEY `appointmentId_idx` (`appointmentId`),
  KEY `createdAt_idx` (`createdAt`)
) ENGINE=InnoDB AUTO_INCREMENT=72 DEFAULT CHARSET=utf8mb4 COLLATE=utf8mb4_general_ci;
/*!40101 SET character_set_client = @saved_cs_client */;

--
-- Dumping data for table `email_queue`
--

LOCK TABLES `email_queue` WRITE;
/*!40000 ALTER TABLE `email_queue` DISABLE KEYS */;
INSERT INTO `email_queue` VALUES (1,'dtioab@oab-sc.org.br','TESTE #2485','Agendamento Confirmado - Sistema de Agendamento INSS','\n<!DOCTYPE html>\n<html lang=\"pt-br\">\n<head>\n    <meta charset=\"UTF-8\">\n    <meta name=\"viewport\" content=\"width=device-width, initial-scale=1.0\">\n    <title>Agendamento Confirmado</title>\n    <style>\n        body { font-family: Arial, sans-serif; line-height: 1.6; color: #333; }\n        .container { max-width: 600px; margin: 0 auto; padding: 20px; }\n        .header { background: #667eea; color: white; padding: 20px; border-radius: 5px 5px 0 0; text-align: center; }\n        .content { background: #f9f9f9; padding: 20px; border: 1px solid #ddd; }\n        .details { background: white; padding: 15px; margin: 15px 0; border-left: 4px solid #667eea; }\n        .footer { background: #f0f0f0; padding: 15px; text-align: center; font-size: 12px; color: #666; }\n        .label { font-weight: bold; color: #667eea; }\n    </style>\n</head>\n<body>\n    <div class=\"container\">\n        <div class=\"header\">\n            <h2>✓ Agendamento Confirmado</h2>\n        </div>\n        <div class=\"content\">\n            <p>Olá <strong>TESTE #2485</strong>,</p>\n            <p>Seu agendamento foi confirmado com sucesso! Aqui estão os detalhes:</p>\n            \n            <div class=\"details\">\n                <p><span class=\"label\">Data:</span> 02/02/2026</p>\n                <p><span class=\"label\">Horário:</span> 08:30:00 às 09:00:00</p>\n                <p><span class=\"label\">Motivo:</span> Atendimento Geral</p>\n                \n                \n            </div>\n            \n            <p><strong>Importante:</strong></p>\n            <ul>\n                <li>Chegue com 10 minutos de antecedência</li>\n                <li>Leve seus documentos de identificação</li>\n                <li>Para cancelar, entre em contato com antecedência</li>\n            </ul>\n            \n            <p>Se tiver dúvidas, entre em contato conosco.</p>\n        </div>\n        <div class=\"footer\">\n            <p>Este é um email automático. Não responda diretamente.</p>\n            <p>&copy; 2026 Sistema de Agendamento INSS - OAB/SC</p>\n        </div>\n    </div>\n</body>\n</html>\n      ','appointment_confirmation',NULL,1,'sent','2026-02-01 11:07:09',NULL,0,'2026-01-29 17:48:20','2026-02-01 08:07:09'),(2,'dtioab@oab-sc.org.br','TESTE #2485','Agendamento Confirmado - Sistema de Agendamento INSS','\n<!DOCTYPE html>\n<html lang=\"pt-br\">\n<head>\n    <meta charset=\"UTF-8\">\n    <meta name=\"viewport\" content=\"width=device-width, initial-scale=1.0\">\n    <title>Agendamento Confirmado</title>\n    <style>\n        body { font-family: Arial, sans-serif; line-height: 1.6; color: #333; }\n        .container { max-width: 600px; margin: 0 auto; padding: 20px; }\n        .header { background: #667eea; color: white; padding: 20px; border-radius: 5px 5px 0 0; text-align: center; }\n        .content { background: #f9f9f9; padding: 20px; border: 1px solid #ddd; }\n        .details { background: white; padding: 15px; margin: 15px 0; border-left: 4px solid #667eea; }\n        .footer { background: #f0f0f0; padding: 15px; text-align: center; font-size: 12px; color: #666; }\n        .label { font-weight: bold; color: #667eea; }\n    </style>\n</head>\n<body>\n    <div class=\"container\">\n        <div class=\"header\">\n            <h2>✓ Agendamento Confirmado</h2>\n        </div>\n        <div class=\"content\">\n            <p>Olá <strong>TESTE #2485</strong>,</p>\n            <p>Seu agendamento foi confirmado com sucesso! Aqui estão os detalhes:</p>\n            \n            <div class=\"details\">\n                <p><span class=\"label\">Data:</span> 02/02/2026</p>\n                <p><span class=\"label\">Horário:</span> 09:30:00 às 10:00:00</p>\n                <p><span class=\"label\">Motivo:</span> Atendimento Geral</p>\n                \n                \n            </div>\n            \n            <p><strong>Importante:</strong></p>\n            <ul>\n                <li>Chegue com 10 minutos de antecedência</li>\n                <li>Leve seus documentos de identificação</li>\n                <li>Para cancelar, entre em contato com antecedência</li>\n            </ul>\n            \n            <p>Se tiver dúvidas, entre em contato conosco.</p>\n        </div>\n        <div class=\"footer\">\n            <p>Este é um email automático. Não responda diretamente.</p>\n            <p>&copy; 2026 Sistema de Agendamento INSS - OAB/SC</p>\n        </div>\n    </div>\n</body>\n</html>\n      ','appointment_confirmation',NULL,1,'sent','2026-02-01 11:07:13',NULL,0,'2026-01-29 17:54:50','2026-02-01 08:07:13'),(3,'dtioab@oab-sc.org.br','TESTE #2485','Agendamento Cancelado - Sistema de Agendamento INSS','\n<!DOCTYPE html>\n<html lang=\"pt-br\">\n<head>\n    <meta charset=\"UTF-8\">\n    <meta name=\"viewport\" content=\"width=device-width, initial-scale=1.0\">\n    <title>Agendamento Cancelado</title>\n    <style>\n        body { font-family: Arial, sans-serif; line-height: 1.6; color: #333; }\n        .container { max-width: 600px; margin: 0 auto; padding: 20px; }\n        .header { background: #dc3545; color: white; padding: 20px; border-radius: 5px 5px 0 0; text-align: center; }\n        .content { background: #f9f9f9; padding: 20px; border: 1px solid #ddd; }\n        .details { background: white; padding: 15px; margin: 15px 0; border-left: 4px solid #dc3545; }\n        .footer { background: #f0f0f0; padding: 15px; text-align: center; font-size: 12px; color: #666; }\n        .label { font-weight: bold; color: #dc3545; }\n    </style>\n</head>\n<body>\n    <div class=\"container\">\n        <div class=\"header\">\n            <h2>✗ Agendamento Cancelado</h2>\n        </div>\n        <div class=\"content\">\n            <p>Olá <strong>TESTE #2485</strong>,</p>\n            <p>Seu agendamento foi cancelado. Aqui estão os detalhes:</p>\n            \n            <div class=\"details\">\n                <p><span class=\"label\">Data:</span> 29/01/2026</p>\n                <p><span class=\"label\">Horário:</span> 22:15:44</p>\n                \n            </div>\n            \n            <p>Você pode agendar um novo horário a qualquer momento através do sistema.</p>\n            <p>Se tiver dúvidas, entre em contato conosco.</p>\n        </div>\n        <div class=\"footer\">\n            <p>Este é um email automático. Não responda diretamente.</p>\n            <p>&copy; 2026 Sistema de Agendamento INSS - OAB/SC</p>\n        </div>\n    </div>\n</body>\n</html>\n      ','appointment_cancellation',2,1,'sent','2026-02-01 11:07:18',NULL,0,'2026-01-29 22:15:44','2026-02-01 08:07:18'),(4,'dtioab@oab-sc.org.br','TESTE #2485','Agendamento Cancelado - Sistema de Agendamento INSS','\n<!DOCTYPE html>\n<html lang=\"pt-br\">\n<head>\n    <meta charset=\"UTF-8\">\n    <meta name=\"viewport\" content=\"width=device-width, initial-scale=1.0\">\n    <title>Agendamento Cancelado</title>\n    <style>\n        body { font-family: Arial, sans-serif; line-height: 1.6; color: #333; }\n        .container { max-width: 600px; margin: 0 auto; padding: 20px; }\n        .header { background: #dc3545; color: white; padding: 20px; border-radius: 5px 5px 0 0; text-align: center; }\n        .content { background: #f9f9f9; padding: 20px; border: 1px solid #ddd; }\n        .details { background: white; padding: 15px; margin: 15px 0; border-left: 4px solid #dc3545; }\n        .footer { background: #f0f0f0; padding: 15px; text-align: center; font-size: 12px; color: #666; }\n        .label { font-weight: bold; color: #dc3545; }\n    </style>\n</head>\n<body>\n    <div class=\"container\">\n        <div class=\"header\">\n            <h2>✗ Agendamento Cancelado</h2>\n        </div>\n        <div class=\"content\">\n            <p>Olá <strong>TESTE #2485</strong>,</p>\n            <p>Seu agendamento foi cancelado. Aqui estão os detalhes:</p>\n            \n            <div class=\"details\">\n                <p><span class=\"label\">Data:</span> 30/01/2026</p>\n                <p><span class=\"label\">Horário:</span> 13:45:01</p>\n                <p><span class=\"label\">Motivo:</span> Teste</p>\n            </div>\n            \n            <p>Você pode agendar um novo horário a qualquer momento através do sistema.</p>\n            <p>Se tiver dúvidas, entre em contato conosco.</p>\n        </div>\n        <div class=\"footer\">\n            <p>Este é um email automático. Não responda diretamente.</p>\n            <p>&copy; 2026 Sistema de Agendamento INSS - OAB/SC</p>\n        </div>\n    </div>\n</body>\n</html>\n      ','appointment_cancellation',1,1,'sent','2026-02-01 11:07:22',NULL,0,'2026-01-30 13:45:01','2026-02-01 08:07:22'),(5,'dtioab@oab-sc.org.br','TESTE #2485','Agendamento Confirmado - Sistema de Agendamento INSS','\n<!DOCTYPE html>\n<html lang=\"pt-br\">\n<head>\n    <meta charset=\"UTF-8\">\n    <meta name=\"viewport\" content=\"width=device-width, initial-scale=1.0\">\n    <title>Agendamento Confirmado</title>\n    <style>\n        body { font-family: Arial, sans-serif; line-height: 1.6; color: #333; }\n        .container { max-width: 600px; margin: 0 auto; padding: 20px; }\n        .header { background: #667eea; color: white; padding: 20px; border-radius: 5px 5px 0 0; text-align: center; }\n        .content { background: #f9f9f9; padding: 20px; border: 1px solid #ddd; }\n        .details { background: white; padding: 15px; margin: 15px 0; border-left: 4px solid #667eea; }\n        .footer { background: #f0f0f0; padding: 15px; text-align: center; font-size: 12px; color: #666; }\n        .label { font-weight: bold; color: #667eea; }\n    </style>\n</head>\n<body>\n    <div class=\"container\">\n        <div class=\"header\">\n            <h2>✓ Agendamento Confirmado</h2>\n        </div>\n        <div class=\"content\">\n            <p>Olá <strong>TESTE #2485</strong>,</p>\n            <p>Seu agendamento foi confirmado com sucesso! Aqui estão os detalhes:</p>\n            \n            <div class=\"details\">\n                <p><span class=\"label\">Data:</span> 03/02/2026</p>\n                <p><span class=\"label\">Horário:</span> 08:30:00 às 09:00:00</p>\n                <p><span class=\"label\">Motivo:</span> Renovação de Inscrição</p>\n                \n                \n            </div>\n            \n            <p><strong>Importante:</strong></p>\n            <ul>\n                <li>Chegue com 10 minutos de antecedência</li>\n                <li>Leve seus documentos de identificação</li>\n                <li>Para cancelar, entre em contato com antecedência</li>\n            </ul>\n            \n            <p>Se tiver dúvidas, entre em contato conosco.</p>\n        </div>\n        <div class=\"footer\">\n            <p>Este é um email automático. Não responda diretamente.</p>\n            <p>&copy; 2026 Sistema de Agendamento INSS - OAB/SC</p>\n        </div>\n    </div>\n</body>\n</html>\n      ','appointment_confirmation',NULL,1,'sent','2026-02-01 11:07:26',NULL,0,'2026-01-31 01:55:28','2026-02-01 08:07:26'),(6,'dtioab@oab-sc.org.br','TESTE #2485','Agendamento Confirmado - Sistema de Agendamento INSS','\n<!DOCTYPE html>\n<html lang=\"pt-br\">\n<head>\n    <meta charset=\"UTF-8\">\n    <meta name=\"viewport\" content=\"width=device-width, initial-scale=1.0\">\n    <title>Agendamento Confirmado</title>\n    <style>\n        body { font-family: Arial, sans-serif; line-height: 1.6; color: #333; }\n        .container { max-width: 600px; margin: 0 auto; padding: 20px; }\n        .header { background: #667eea; color: white; padding: 20px; border-radius: 5px 5px 0 0; text-align: center; }\n        .content { background: #f9f9f9; padding: 20px; border: 1px solid #ddd; }\n        .details { background: white; padding: 15px; margin: 15px 0; border-left: 4px solid #667eea; }\n        .footer { background: #f0f0f0; padding: 15px; text-align: center; font-size: 12px; color: #666; }\n        .label { font-weight: bold; color: #667eea; }\n    </style>\n</head>\n<body>\n    <div class=\"container\">\n        <div class=\"header\">\n            <h2>✓ Agendamento Confirmado</h2>\n        </div>\n        <div class=\"content\">\n            <p>Olá <strong>TESTE #2485</strong>,</p>\n            <p>Seu agendamento foi confirmado com sucesso! Aqui estão os detalhes:</p>\n            \n            <div class=\"details\">\n                <p><span class=\"label\">Data:</span> 04/02/2026</p>\n                <p><span class=\"label\">Horário:</span> 08:30:00 às 09:00:00</p>\n                <p><span class=\"label\">Motivo:</span> Problemas com Senha</p>\n                \n                \n            </div>\n            \n            <p><strong>Importante:</strong></p>\n            <ul>\n                <li>Chegue com 10 minutos de antecedência</li>\n                <li>Leve seus documentos de identificação</li>\n                <li>Para cancelar, entre em contato com antecedência</li>\n            </ul>\n            \n            <p>Se tiver dúvidas, entre em contato conosco.</p>\n        </div>\n        <div class=\"footer\">\n            <p>Este é um email automático. Não responda diretamente.</p>\n            <p>&copy; 2026 Sistema de Agendamento INSS - OAB/SC</p>\n        </div>\n    </div>\n</body>\n</html>\n      ','appointment_confirmation',NULL,1,'sent','2026-02-01 11:07:30',NULL,0,'2026-01-31 05:18:15','2026-02-01 08:07:30'),(7,'dtioab@oab-sc.org.br','TESTE #2485','Agendamento Cancelado - Sistema de Agendamento INSS','\n<!DOCTYPE html>\n<html lang=\"pt-br\">\n<head>\n    <meta charset=\"UTF-8\">\n    <meta name=\"viewport\" content=\"width=device-width, initial-scale=1.0\">\n    <title>Agendamento Cancelado</title>\n    <style>\n        body { font-family: Arial, sans-serif; line-height: 1.6; color: #333; }\n        .container { max-width: 600px; margin: 0 auto; padding: 20px; }\n        .header { background: #dc3545; color: white; padding: 20px; border-radius: 5px 5px 0 0; text-align: center; }\n        .content { background: #f9f9f9; padding: 20px; border: 1px solid #ddd; }\n        .details { background: white; padding: 15px; margin: 15px 0; border-left: 4px solid #dc3545; }\n        .footer { background: #f0f0f0; padding: 15px; text-align: center; font-size: 12px; color: #666; }\n        .label { font-weight: bold; color: #dc3545; }\n    </style>\n</head>\n<body>\n    <div class=\"container\">\n        <div class=\"header\">\n            <h2>✗ Agendamento Cancelado</h2>\n        </div>\n        <div class=\"content\">\n            <p>Olá <strong>TESTE #2485</strong>,</p>\n            <p>Seu agendamento foi cancelado. Aqui estão os detalhes:</p>\n            \n            <div class=\"details\">\n                <p><span class=\"label\">Data:</span> 31/01/2026</p>\n                <p><span class=\"label\">Horário:</span> 05:18:29</p>\n                <p><span class=\"label\">Motivo:</span> 4354</p>\n            </div>\n            \n            <p>Você pode agendar um novo horário a qualquer momento através do sistema.</p>\n            <p>Se tiver dúvidas, entre em contato conosco.</p>\n        </div>\n        <div class=\"footer\">\n            <p>Este é um email automático. Não responda diretamente.</p>\n            <p>&copy; 2026 Sistema de Agendamento INSS - OAB/SC</p>\n        </div>\n    </div>\n</body>\n</html>\n      ','appointment_cancellation',3,1,'sent','2026-02-01 11:07:35',NULL,0,'2026-01-31 05:18:29','2026-02-01 08:07:35'),(8,'TESTE@TESTE.COM.BR','BRCTESTECADASTRO','Agendamento Confirmado - Sistema de Agendamento INSS','\n<!DOCTYPE html>\n<html lang=\"pt-br\">\n<head>\n    <meta charset=\"UTF-8\">\n    <meta name=\"viewport\" content=\"width=device-width, initial-scale=1.0\">\n    <title>Agendamento Confirmado</title>\n    <style>\n        body { font-family: Arial, sans-serif; line-height: 1.6; color: #333; }\n        .container { max-width: 600px; margin: 0 auto; padding: 20px; }\n        .header { background: #667eea; color: white; padding: 20px; border-radius: 5px 5px 0 0; text-align: center; }\n        .content { background: #f9f9f9; padding: 20px; border: 1px solid #ddd; }\n        .details { background: white; padding: 15px; margin: 15px 0; border-left: 4px solid #667eea; }\n        .footer { background: #f0f0f0; padding: 15px; text-align: center; font-size: 12px; color: #666; }\n        .label { font-weight: bold; color: #667eea; }\n    </style>\n</head>\n<body>\n    <div class=\"container\">\n        <div class=\"header\">\n            <h2>✓ Agendamento Confirmado</h2>\n        </div>\n        <div class=\"content\">\n            <p>Olá <strong>BRCTESTECADASTRO</strong>,</p>\n            <p>Seu agendamento foi confirmado com sucesso! Aqui estão os detalhes:</p>\n            \n            <div class=\"details\">\n                <p><span class=\"label\">Data:</span> 03/02/2026</p>\n                <p><span class=\"label\">Horário:</span> 08:30:00 às 09:00:00</p>\n                <p><span class=\"label\">Motivo:</span> Atendimento Geral</p>\n                \n                \n            </div>\n            \n            <p><strong>Importante:</strong></p>\n            <ul>\n                <li>Chegue com 10 minutos de antecedência</li>\n                <li>Leve seus documentos de identificação</li>\n                <li>Para cancelar, entre em contato com antecedência</li>\n            </ul>\n            \n            <p>Se tiver dúvidas, entre em contato conosco.</p>\n        </div>\n        <div class=\"footer\">\n            <p>Este é um email automático. Não responda diretamente.</p>\n            <p>&copy; 2026 Sistema de Agendamento INSS - OAB/SC</p>\n        </div>\n    </div>\n</body>\n</html>\n      ','appointment_confirmation',NULL,2769,'sent','2026-02-01 11:06:51',NULL,0,'2026-02-01 04:42:02','2026-02-01 08:06:51'),(9,'TESTE@TESTE.COM.BR','BRCTESTECADASTRO','Agendamento Confirmado - Sistema de Agendamento INSS','\n<!DOCTYPE html>\n<html lang=\"pt-br\">\n<head>\n    <meta charset=\"UTF-8\">\n    <meta name=\"viewport\" content=\"width=device-width, initial-scale=1.0\">\n    <title>Agendamento Confirmado</title>\n    <style>\n        body { font-family: Arial, sans-serif; line-height: 1.6; color: #333; }\n        .container { max-width: 600px; margin: 0 auto; padding: 20px; }\n        .header { background: #667eea; color: white; padding: 20px; border-radius: 5px 5px 0 0; text-align: center; }\n        .content { background: #f9f9f9; padding: 20px; border: 1px solid #ddd; }\n        .details { background: white; padding: 15px; margin: 15px 0; border-left: 4px solid #667eea; }\n        .footer { background: #f0f0f0; padding: 15px; text-align: center; font-size: 12px; color: #666; }\n        .label { font-weight: bold; color: #667eea; }\n    </style>\n</head>\n<body>\n    <div class=\"container\">\n        <div class=\"header\">\n            <h2>✓ Agendamento Confirmado</h2>\n        </div>\n        <div class=\"content\">\n            <p>Olá <strong>BRCTESTECADASTRO</strong>,</p>\n            <p>Seu agendamento foi confirmado com sucesso! Aqui estão os detalhes:</p>\n            \n            <div class=\"details\">\n                <p><span class=\"label\">Data:</span> 03/02/2026</p>\n                <p><span class=\"label\">Horário:</span> 10:00:00 às 10:30:00</p>\n                <p><span class=\"label\">Motivo:</span> Renovação de Inscrição</p>\n                \n                \n            </div>\n            \n            <p><strong>Importante:</strong></p>\n            <ul>\n                <li>Chegue com 10 minutos de antecedência</li>\n                <li>Leve seus documentos de identificação</li>\n                <li>Para cancelar, entre em contato com antecedência</li>\n            </ul>\n            \n            <p>Se tiver dúvidas, entre em contato conosco.</p>\n        </div>\n        <div class=\"footer\">\n            <p>Este é um email automático. Não responda diretamente.</p>\n            <p>&copy; 2026 Sistema de Agendamento INSS - OAB/SC</p>\n        </div>\n    </div>\n</body>\n</html>\n      ','appointment_confirmation',NULL,2769,'sent','2026-02-01 11:06:55',NULL,0,'2026-02-01 04:42:08','2026-02-01 08:06:55'),(10,'TESTE@TESTE.COM.BR','BRCTESTECADASTRO','Agendamento Cancelado - Sistema de Agendamento INSS','\n<!DOCTYPE html>\n<html lang=\"pt-br\">\n<head>\n    <meta charset=\"UTF-8\">\n    <meta name=\"viewport\" content=\"width=device-width, initial-scale=1.0\">\n    <title>Agendamento Cancelado</title>\n    <style>\n        body { font-family: Arial, sans-serif; line-height: 1.6; color: #333; }\n        .container { max-width: 600px; margin: 0 auto; padding: 20px; }\n        .header { background: #dc3545; color: white; padding: 20px; border-radius: 5px 5px 0 0; text-align: center; }\n        .content { background: #f9f9f9; padding: 20px; border: 1px solid #ddd; }\n        .details { background: white; padding: 15px; margin: 15px 0; border-left: 4px solid #dc3545; }\n        .footer { background: #f0f0f0; padding: 15px; text-align: center; font-size: 12px; color: #666; }\n        .label { font-weight: bold; color: #dc3545; }\n    </style>\n</head>\n<body>\n    <div class=\"container\">\n        <div class=\"header\">\n            <h2>✗ Agendamento Cancelado</h2>\n        </div>\n        <div class=\"content\">\n            <p>Olá <strong>BRCTESTECADASTRO</strong>,</p>\n            <p>Seu agendamento foi cancelado. Aqui estão os detalhes:</p>\n            \n            <div class=\"details\">\n                <p><span class=\"label\">Data:</span> 01/02/2026</p>\n                <p><span class=\"label\">Horário:</span> 05:10:25</p>\n                <p><span class=\"label\">Motivo:</span> Teste</p>\n            </div>\n            \n            <p>Você pode agendar um novo horário a qualquer momento através do sistema.</p>\n            <p>Se tiver dúvidas, entre em contato conosco.</p>\n        </div>\n        <div class=\"footer\">\n            <p>Este é um email automático. Não responda diretamente.</p>\n            <p>&copy; 2026 Sistema de Agendamento INSS - OAB/SC</p>\n        </div>\n    </div>\n</body>\n</html>\n      ','appointment_cancellation',5,2769,'sent','2026-02-01 11:06:59',NULL,0,'2026-02-01 05:10:25','2026-02-01 08:06:59'),(11,'dtioab@oab-sc.org.br','TESTE #2485','Agendamento Confirmado - Sistema de Agendamento INSS','\n<!DOCTYPE html>\n<html lang=\"pt-br\">\n<head>\n    <meta charset=\"UTF-8\">\n    <meta name=\"viewport\" content=\"width=device-width, initial-scale=1.0\">\n    <title>Agendamento Confirmado</title>\n    <style>\n        body { font-family: Arial, sans-serif; line-height: 1.6; color: #333; }\n        .container { max-width: 600px; margin: 0 auto; padding: 20px; }\n        .header { background: #667eea; color: white; padding: 20px; border-radius: 5px 5px 0 0; text-align: center; }\n        .content { background: #f9f9f9; padding: 20px; border: 1px solid #ddd; }\n        .details { background: white; padding: 15px; margin: 15px 0; border-left: 4px solid #667eea; }\n        .footer { background: #f0f0f0; padding: 15px; text-align: center; font-size: 12px; color: #666; }\n        .label { font-weight: bold; color: #667eea; }\n    </style>\n</head>\n<body>\n    <div class=\"container\">\n        <div class=\"header\">\n            <h2>✓ Agendamento Confirmado</h2>\n        </div>\n        <div class=\"content\">\n            <p>Olá <strong>TESTE #2485</strong>,</p>\n            <p>Seu agendamento foi confirmado com sucesso! Aqui estão os detalhes:</p>\n            \n            <div class=\"details\">\n                <p><span class=\"label\">Data:</span> 03/02/2026</p>\n                <p><span class=\"label\">Horário:</span> 09:30:00 às undefined</p>\n                <p><span class=\"label\">Motivo:</span> Renovação de Inscrição</p>\n                \n                \n            </div>\n            \n            <p><strong>Importante:</strong></p>\n            <ul>\n                <li>Chegue com 10 minutos de antecedência</li>\n                <li>Leve seus documentos de identificação</li>\n                <li>Para cancelar, entre em contato com antecedência</li>\n            </ul>\n            \n            <p>Se tiver dúvidas, entre em contato conosco.</p>\n        </div>\n        <div class=\"footer\">\n            <p>Este é um email automático. Não responda diretamente.</p>\n            <p>&copy; 2026 Sistema de Agendamento INSS - OAB/SC</p>\n        </div>\n    </div>\n</body>\n</html>\n      ','appointment_confirmation',8,1,'sent','2026-02-01 11:31:27',NULL,0,'2026-02-01 08:30:56','2026-02-01 08:31:27'),(12,'dtioab@oab-sc.org.br','TESTE #2485','Agendamento Cancelado - Sistema de Agendamento INSS','\n<!DOCTYPE html>\n<html lang=\"pt-br\">\n<head>\n    <meta charset=\"UTF-8\">\n    <meta name=\"viewport\" content=\"width=device-width, initial-scale=1.0\">\n    <title>Agendamento Cancelado</title>\n    <style>\n        body { font-family: Arial, sans-serif; line-height: 1.6; color: #333; }\n        .container { max-width: 600px; margin: 0 auto; padding: 20px; }\n        .header { background: #dc3545; color: white; padding: 20px; border-radius: 5px 5px 0 0; text-align: center; }\n        .content { background: #f9f9f9; padding: 20px; border: 1px solid #ddd; }\n        .details { background: white; padding: 15px; margin: 15px 0; border-left: 4px solid #dc3545; }\n        .footer { background: #f0f0f0; padding: 15px; text-align: center; font-size: 12px; color: #666; }\n        .label { font-weight: bold; color: #dc3545; }\n    </style>\n</head>\n<body>\n    <div class=\"container\">\n        <div class=\"header\">\n            <h2>✗ Agendamento Cancelado</h2>\n        </div>\n        <div class=\"content\">\n            <p>Olá <strong>TESTE #2485</strong>,</p>\n            <p>Seu agendamento foi cancelado. Aqui estão os detalhes:</p>\n            \n            <div class=\"details\">\n                <p><span class=\"label\">Data:</span> 01/02/2026</p>\n                <p><span class=\"label\">Horário:</span> 08:47:37</p>\n                <p><span class=\"label\">Motivo:</span> .</p>\n            </div>\n            \n            <p>Você pode agendar um novo horário a qualquer momento através do sistema.</p>\n            <p>Se tiver dúvidas, entre em contato conosco.</p>\n        </div>\n        <div class=\"footer\">\n            <p>Este é um email automático. Não responda diretamente.</p>\n            <p>&copy; 2026 Sistema de Agendamento INSS - OAB/SC</p>\n        </div>\n    </div>\n</body>\n</html>\n      ','appointment_cancellation',7,1,'sent','2026-02-01 11:47:44',NULL,0,'2026-02-01 08:47:37','2026-02-01 08:47:44'),(13,'dtioab@oab-sc.org.br','TESTE #2485','Agendamento Cancelado - Sistema de Agendamento INSS','\n<!DOCTYPE html>\n<html lang=\"pt-br\">\n<head>\n    <meta charset=\"UTF-8\">\n    <meta name=\"viewport\" content=\"width=device-width, initial-scale=1.0\">\n    <title>Agendamento Cancelado</title>\n    <style>\n        body { font-family: Arial, sans-serif; line-height: 1.6; color: #333; }\n        .container { max-width: 600px; margin: 0 auto; padding: 20px; }\n        .header { background: #dc3545; color: white; padding: 20px; border-radius: 5px 5px 0 0; text-align: center; }\n        .content { background: #f9f9f9; padding: 20px; border: 1px solid #ddd; }\n        .details { background: white; padding: 15px; margin: 15px 0; border-left: 4px solid #dc3545; }\n        .footer { background: #f0f0f0; padding: 15px; text-align: center; font-size: 12px; color: #666; }\n        .label { font-weight: bold; color: #dc3545; }\n    </style>\n</head>\n<body>\n    <div class=\"container\">\n        <div class=\"header\">\n            <h2>✗ Agendamento Cancelado</h2>\n        </div>\n        <div class=\"content\">\n            <p>Olá <strong>TESTE #2485</strong>,</p>\n            <p>Seu agendamento foi cancelado. Aqui estão os detalhes:</p>\n            \n            <div class=\"details\">\n                <p><span class=\"label\">Data:</span> 01/02/2026</p>\n                <p><span class=\"label\">Horário:</span> 08:47:39</p>\n                <p><span class=\"label\">Motivo:</span> .</p>\n            </div>\n            \n            <p>Você pode agendar um novo horário a qualquer momento através do sistema.</p>\n            <p>Se tiver dúvidas, entre em contato conosco.</p>\n        </div>\n        <div class=\"footer\">\n            <p>Este é um email automático. Não responda diretamente.</p>\n            <p>&copy; 2026 Sistema de Agendamento INSS - OAB/SC</p>\n        </div>\n    </div>\n</body>\n</html>\n      ','appointment_cancellation',8,1,'sent','2026-02-01 11:47:49',NULL,0,'2026-02-01 08:47:39','2026-02-01 08:47:49'),(14,'dtioab@oab-sc.org.br','TESTE #2485','Agendamento Cancelado - Sistema de Agendamento INSS','\n<!DOCTYPE html>\n<html lang=\"pt-br\">\n<head>\n    <meta charset=\"UTF-8\">\n    <meta name=\"viewport\" content=\"width=device-width, initial-scale=1.0\">\n    <title>Agendamento Cancelado</title>\n    <style>\n        body { font-family: Arial, sans-serif; line-height: 1.6; color: #333; }\n        .container { max-width: 600px; margin: 0 auto; padding: 20px; }\n        .header { background: #dc3545; color: white; padding: 20px; border-radius: 5px 5px 0 0; text-align: center; }\n        .content { background: #f9f9f9; padding: 20px; border: 1px solid #ddd; }\n        .details { background: white; padding: 15px; margin: 15px 0; border-left: 4px solid #dc3545; }\n        .footer { background: #f0f0f0; padding: 15px; text-align: center; font-size: 12px; color: #666; }\n        .label { font-weight: bold; color: #dc3545; }\n    </style>\n</head>\n<body>\n    <div class=\"container\">\n        <div class=\"header\">\n            <h2>✗ Agendamento Cancelado</h2>\n        </div>\n        <div class=\"content\">\n            <p>Olá <strong>TESTE #2485</strong>,</p>\n            <p>Seu agendamento foi cancelado. Aqui estão os detalhes:</p>\n            \n            <div class=\"details\">\n                <p><span class=\"label\">Data:</span> 01/02/2026</p>\n                <p><span class=\"label\">Horário:</span> 08:47:40</p>\n                <p><span class=\"label\">Motivo:</span> .</p>\n            </div>\n            \n            <p>Você pode agendar um novo horário a qualquer momento através do sistema.</p>\n            <p>Se tiver dúvidas, entre em contato conosco.</p>\n        </div>\n        <div class=\"footer\">\n            <p>Este é um email automático. Não responda diretamente.</p>\n            <p>&copy; 2026 Sistema de Agendamento INSS - OAB/SC</p>\n        </div>\n    </div>\n</body>\n</html>\n      ','appointment_cancellation',1,1,'sent','2026-02-01 11:48:13',NULL,0,'2026-02-01 08:47:40','2026-02-01 08:48:13'),(15,'dtioab@oab-sc.org.br','TESTE #2485','Agendamento Cancelado - Sistema de Agendamento INSS','\n<!DOCTYPE html>\n<html lang=\"pt-br\">\n<head>\n    <meta charset=\"UTF-8\">\n    <meta name=\"viewport\" content=\"width=device-width, initial-scale=1.0\">\n    <title>Agendamento Cancelado</title>\n    <style>\n        body { font-family: Arial, sans-serif; line-height: 1.6; color: #333; }\n        .container { max-width: 600px; margin: 0 auto; padding: 20px; }\n        .header { background: #dc3545; color: white; padding: 20px; border-radius: 5px 5px 0 0; text-align: center; }\n        .content { background: #f9f9f9; padding: 20px; border: 1px solid #ddd; }\n        .details { background: white; padding: 15px; margin: 15px 0; border-left: 4px solid #dc3545; }\n        .footer { background: #f0f0f0; padding: 15px; text-align: center; font-size: 12px; color: #666; }\n        .label { font-weight: bold; color: #dc3545; }\n    </style>\n</head>\n<body>\n    <div class=\"container\">\n        <div class=\"header\">\n            <h2>✗ Agendamento Cancelado</h2>\n        </div>\n        <div class=\"content\">\n            <p>Olá <strong>TESTE #2485</strong>,</p>\n            <p>Seu agendamento foi cancelado. Aqui estão os detalhes:</p>\n            \n            <div class=\"details\">\n                <p><span class=\"label\">Data:</span> 01/02/2026</p>\n                <p><span class=\"label\">Horário:</span> 08:47:42</p>\n                <p><span class=\"label\">Motivo:</span> .</p>\n            </div>\n            \n            <p>Você pode agendar um novo horário a qualquer momento através do sistema.</p>\n            <p>Se tiver dúvidas, entre em contato conosco.</p>\n        </div>\n        <div class=\"footer\">\n            <p>Este é um email automático. Não responda diretamente.</p>\n            <p>&copy; 2026 Sistema de Agendamento INSS - OAB/SC</p>\n        </div>\n    </div>\n</body>\n</html>\n      ','appointment_cancellation',2,1,'sent','2026-02-01 11:48:17',NULL,0,'2026-02-01 08:47:42','2026-02-01 08:48:17'),(16,'dtioab@oab-sc.org.br','TESTE #2485','Agendamento Cancelado - Sistema de Agendamento INSS','\n<!DOCTYPE html>\n<html lang=\"pt-br\">\n<head>\n    <meta charset=\"UTF-8\">\n    <meta name=\"viewport\" content=\"width=device-width, initial-scale=1.0\">\n    <title>Agendamento Cancelado</title>\n    <style>\n        body { font-family: Arial, sans-serif; line-height: 1.6; color: #333; }\n        .container { max-width: 600px; margin: 0 auto; padding: 20px; }\n        .header { background: #dc3545; color: white; padding: 20px; border-radius: 5px 5px 0 0; text-align: center; }\n        .content { background: #f9f9f9; padding: 20px; border: 1px solid #ddd; }\n        .details { background: white; padding: 15px; margin: 15px 0; border-left: 4px solid #dc3545; }\n        .footer { background: #f0f0f0; padding: 15px; text-align: center; font-size: 12px; color: #666; }\n        .label { font-weight: bold; color: #dc3545; }\n    </style>\n</head>\n<body>\n    <div class=\"container\">\n        <div class=\"header\">\n            <h2>✗ Agendamento Cancelado</h2>\n        </div>\n        <div class=\"content\">\n            <p>Olá <strong>TESTE #2485</strong>,</p>\n            <p>Seu agendamento foi cancelado. Aqui estão os detalhes:</p>\n            \n            <div class=\"details\">\n                <p><span class=\"label\">Data:</span> 01/02/2026</p>\n                <p><span class=\"label\">Horário:</span> 08:48:05</p>\n                <p><span class=\"label\">Motivo:</span> 34</p>\n            </div>\n            \n            <p>Você pode agendar um novo horário a qualquer momento através do sistema.</p>\n            <p>Se tiver dúvidas, entre em contato conosco.</p>\n        </div>\n        <div class=\"footer\">\n            <p>Este é um email automático. Não responda diretamente.</p>\n            <p>&copy; 2026 Sistema de Agendamento INSS - OAB/SC</p>\n        </div>\n    </div>\n</body>\n</html>\n      ','appointment_cancellation',4,1,'sent','2026-02-01 11:48:22',NULL,0,'2026-02-01 08:48:05','2026-02-01 08:48:22'),(17,'TESTE@TESTE.COM.BR','BRCTESTECADASTRO','Agendamento Confirmado - Sistema de Agendamento INSS','\n<!DOCTYPE html>\n<html lang=\"pt-br\">\n<head>\n    <meta charset=\"UTF-8\">\n    <meta name=\"viewport\" content=\"width=device-width, initial-scale=1.0\">\n    <title>Agendamento Confirmado</title>\n    <style>\n        body { font-family: Arial, sans-serif; line-height: 1.6; color: #333; }\n        .container { max-width: 600px; margin: 0 auto; padding: 20px; }\n        .header { background: #667eea; color: white; padding: 20px; border-radius: 5px 5px 0 0; text-align: center; }\n        .content { background: #f9f9f9; padding: 20px; border: 1px solid #ddd; }\n        .details { background: white; padding: 15px; margin: 15px 0; border-left: 4px solid #667eea; }\n        .footer { background: #f0f0f0; padding: 15px; text-align: center; font-size: 12px; color: #666; }\n        .label { font-weight: bold; color: #667eea; }\n    </style>\n</head>\n<body>\n    <div class=\"container\">\n        <div class=\"header\">\n            <h2>✓ Agendamento Confirmado</h2>\n        </div>\n        <div class=\"content\">\n            <p>Olá <strong>BRCTESTECADASTRO</strong>,</p>\n            <p>Seu agendamento foi confirmado com sucesso! Aqui estão os detalhes:</p>\n            \n            <div class=\"details\">\n                <p><span class=\"label\">Data:</span> 03/02/2026</p>\n                <p><span class=\"label\">Horário:</span> 08:30:00 às undefined</p>\n                <p><span class=\"label\">Motivo:</span> Problemas com Senha</p>\n                \n                \n            </div>\n            \n            <p><strong>Importante:</strong></p>\n            <ul>\n                <li>Chegue com 10 minutos de antecedência</li>\n                <li>Leve seus documentos de identificação</li>\n                <li>Para cancelar, entre em contato com antecedência</li>\n            </ul>\n            \n            <p>Se tiver dúvidas, entre em contato conosco.</p>\n        </div>\n        <div class=\"footer\">\n            <p>Este é um email automático. Não responda diretamente.</p>\n            <p>&copy; 2026 Sistema de Agendamento INSS - OAB/SC</p>\n        </div>\n    </div>\n</body>\n</html>\n      ','appointment_confirmation',9,2769,'sent','2026-02-02 04:33:05',NULL,0,'2026-02-02 01:32:54','2026-02-02 01:33:05'),(18,'dtioab@oab-sc.org.br','TESTE #2485','Agendamento Cancelado - Sistema de Agendamento INSS','\n<!DOCTYPE html>\n<html lang=\"pt-br\">\n<head>\n    <meta charset=\"UTF-8\">\n    <meta name=\"viewport\" content=\"width=device-width, initial-scale=1.0\">\n    <title>Agendamento Cancelado</title>\n    <style>\n        body { font-family: Arial, sans-serif; line-height: 1.6; color: #333; }\n        .container { max-width: 600px; margin: 0 auto; padding: 20px; }\n        .header { background: #dc3545; color: white; padding: 20px; border-radius: 5px 5px 0 0; text-align: center; }\n        .content { background: #f9f9f9; padding: 20px; border: 1px solid #ddd; }\n        .details { background: white; padding: 15px; margin: 15px 0; border-left: 4px solid #dc3545; }\n        .footer { background: #f0f0f0; padding: 15px; text-align: center; font-size: 12px; color: #666; }\n        .label { font-weight: bold; color: #dc3545; }\n    </style>\n</head>\n<body>\n    <div class=\"container\">\n        <div class=\"header\">\n            <h2>✗ Agendamento Cancelado</h2>\n        </div>\n        <div class=\"content\">\n            <p>Olá <strong>TESTE #2485</strong>,</p>\n            <p>Seu agendamento foi cancelado. Aqui estão os detalhes:</p>\n            \n            <div class=\"details\">\n                <p><span class=\"label\">Data:</span> 02/02/2026</p>\n                <p><span class=\"label\">Horário:</span> 01:39:30</p>\n                <p><span class=\"label\">Motivo:</span> t</p>\n            </div>\n            \n            <p>Você pode agendar um novo horário a qualquer momento através do sistema.</p>\n            <p>Se tiver dúvidas, entre em contato conosco.</p>\n        </div>\n        <div class=\"footer\">\n            <p>Este é um email automático. Não responda diretamente.</p>\n            <p>&copy; 2026 Sistema de Agendamento INSS - OAB/SC</p>\n        </div>\n    </div>\n</body>\n</html>\n      ','appointment_cancellation',1,1,'sent','2026-02-02 04:39:57',NULL,0,'2026-02-02 01:39:30','2026-02-02 01:39:57'),(19,'dtioab@oab-sc.org.br','TESTE #2485','Agendamento Cancelado - Sistema de Agendamento INSS','\n<!DOCTYPE html>\n<html lang=\"pt-br\">\n<head>\n    <meta charset=\"UTF-8\">\n    <meta name=\"viewport\" content=\"width=device-width, initial-scale=1.0\">\n    <title>Agendamento Cancelado</title>\n    <style>\n        body { font-family: Arial, sans-serif; line-height: 1.6; color: #333; }\n        .container { max-width: 600px; margin: 0 auto; padding: 20px; }\n        .header { background: #dc3545; color: white; padding: 20px; border-radius: 5px 5px 0 0; text-align: center; }\n        .content { background: #f9f9f9; padding: 20px; border: 1px solid #ddd; }\n        .details { background: white; padding: 15px; margin: 15px 0; border-left: 4px solid #dc3545; }\n        .footer { background: #f0f0f0; padding: 15px; text-align: center; font-size: 12px; color: #666; }\n        .label { font-weight: bold; color: #dc3545; }\n    </style>\n</head>\n<body>\n    <div class=\"container\">\n        <div class=\"header\">\n            <h2>✗ Agendamento Cancelado</h2>\n        </div>\n        <div class=\"content\">\n            <p>Olá <strong>TESTE #2485</strong>,</p>\n            <p>Seu agendamento foi cancelado. Aqui estão os detalhes:</p>\n            \n            <div class=\"details\">\n                <p><span class=\"label\">Data:</span> 02/02/2026</p>\n                <p><span class=\"label\">Horário:</span> 01:39:36</p>\n                <p><span class=\"label\">Motivo:</span> t</p>\n            </div>\n            \n            <p>Você pode agendar um novo horário a qualquer momento através do sistema.</p>\n            <p>Se tiver dúvidas, entre em contato conosco.</p>\n        </div>\n        <div class=\"footer\">\n            <p>Este é um email automático. Não responda diretamente.</p>\n            <p>&copy; 2026 Sistema de Agendamento INSS - OAB/SC</p>\n        </div>\n    </div>\n</body>\n</html>\n      ','appointment_cancellation',2,1,'sent','2026-02-02 04:40:01',NULL,0,'2026-02-02 01:39:36','2026-02-02 01:40:01'),(20,'dtioab@oab-sc.org.br','TESTE #2485','Agendamento Cancelado - Sistema de Agendamento INSS','\n<!DOCTYPE html>\n<html lang=\"pt-br\">\n<head>\n    <meta charset=\"UTF-8\">\n    <meta name=\"viewport\" content=\"width=device-width, initial-scale=1.0\">\n    <title>Agendamento Cancelado</title>\n    <style>\n        body { font-family: Arial, sans-serif; line-height: 1.6; color: #333; }\n        .container { max-width: 600px; margin: 0 auto; padding: 20px; }\n        .header { background: #dc3545; color: white; padding: 20px; border-radius: 5px 5px 0 0; text-align: center; }\n        .content { background: #f9f9f9; padding: 20px; border: 1px solid #ddd; }\n        .details { background: white; padding: 15px; margin: 15px 0; border-left: 4px solid #dc3545; }\n        .footer { background: #f0f0f0; padding: 15px; text-align: center; font-size: 12px; color: #666; }\n        .label { font-weight: bold; color: #dc3545; }\n    </style>\n</head>\n<body>\n    <div class=\"container\">\n        <div class=\"header\">\n            <h2>✗ Agendamento Cancelado</h2>\n        </div>\n        <div class=\"content\">\n            <p>Olá <strong>TESTE #2485</strong>,</p>\n            <p>Seu agendamento foi cancelado. Aqui estão os detalhes:</p>\n            \n            <div class=\"details\">\n                <p><span class=\"label\">Data:</span> 02/02/2026</p>\n                <p><span class=\"label\">Horário:</span> 01:39:49</p>\n                <p><span class=\"label\">Motivo:</span> t</p>\n            </div>\n            \n            <p>Você pode agendar um novo horário a qualquer momento através do sistema.</p>\n            <p>Se tiver dúvidas, entre em contato conosco.</p>\n        </div>\n        <div class=\"footer\">\n            <p>Este é um email automático. Não responda diretamente.</p>\n            <p>&copy; 2026 Sistema de Agendamento INSS - OAB/SC</p>\n        </div>\n    </div>\n</body>\n</html>\n      ','appointment_cancellation',2,1,'sent','2026-02-02 04:40:05',NULL,0,'2026-02-02 01:39:49','2026-02-02 01:40:05'),(21,'dtioab@oab-sc.org.br','TESTE #2485','Agendamento Cancelado - Sistema de Agendamento INSS','\n<!DOCTYPE html>\n<html lang=\"pt-br\">\n<head>\n    <meta charset=\"UTF-8\">\n    <meta name=\"viewport\" content=\"width=device-width, initial-scale=1.0\">\n    <title>Agendamento Cancelado</title>\n    <style>\n        body { font-family: Arial, sans-serif; line-height: 1.6; color: #333; }\n        .container { max-width: 600px; margin: 0 auto; padding: 20px; }\n        .header { background: #dc3545; color: white; padding: 20px; border-radius: 5px 5px 0 0; text-align: center; }\n        .content { background: #f9f9f9; padding: 20px; border: 1px solid #ddd; }\n        .details { background: white; padding: 15px; margin: 15px 0; border-left: 4px solid #dc3545; }\n        .footer { background: #f0f0f0; padding: 15px; text-align: center; font-size: 12px; color: #666; }\n        .label { font-weight: bold; color: #dc3545; }\n    </style>\n</head>\n<body>\n    <div class=\"container\">\n        <div class=\"header\">\n            <h2>✗ Agendamento Cancelado</h2>\n        </div>\n        <div class=\"content\">\n            <p>Olá <strong>TESTE #2485</strong>,</p>\n            <p>Seu agendamento foi cancelado. Aqui estão os detalhes:</p>\n            \n            <div class=\"details\">\n                <p><span class=\"label\">Data:</span> 02/02/2026</p>\n                <p><span class=\"label\">Horário:</span> 01:39:53</p>\n                <p><span class=\"label\">Motivo:</span> t</p>\n            </div>\n            \n            <p>Você pode agendar um novo horário a qualquer momento através do sistema.</p>\n            <p>Se tiver dúvidas, entre em contato conosco.</p>\n        </div>\n        <div class=\"footer\">\n            <p>Este é um email automático. Não responda diretamente.</p>\n            <p>&copy; 2026 Sistema de Agendamento INSS - OAB/SC</p>\n        </div>\n    </div>\n</body>\n</html>\n      ','appointment_cancellation',1,1,'sent','2026-02-02 04:40:26',NULL,0,'2026-02-02 01:39:53','2026-02-02 01:40:26'),(22,'dtioab@oab-sc.org.br','TESTE #2485','Agendamento Cancelado - Sistema de Agendamento INSS','\n<!DOCTYPE html>\n<html lang=\"pt-br\">\n<head>\n    <meta charset=\"UTF-8\">\n    <meta name=\"viewport\" content=\"width=device-width, initial-scale=1.0\">\n    <title>Agendamento Cancelado</title>\n    <style>\n        body { font-family: Arial, sans-serif; line-height: 1.6; color: #333; }\n        .container { max-width: 600px; margin: 0 auto; padding: 20px; }\n        .header { background: #dc3545; color: white; padding: 20px; border-radius: 5px 5px 0 0; text-align: center; }\n        .content { background: #f9f9f9; padding: 20px; border: 1px solid #ddd; }\n        .details { background: white; padding: 15px; margin: 15px 0; border-left: 4px solid #dc3545; }\n        .footer { background: #f0f0f0; padding: 15px; text-align: center; font-size: 12px; color: #666; }\n        .label { font-weight: bold; color: #dc3545; }\n    </style>\n</head>\n<body>\n    <div class=\"container\">\n        <div class=\"header\">\n            <h2>✗ Agendamento Cancelado</h2>\n        </div>\n        <div class=\"content\">\n            <p>Olá <strong>TESTE #2485</strong>,</p>\n            <p>Seu agendamento foi cancelado. Aqui estão os detalhes:</p>\n            \n            <div class=\"details\">\n                <p><span class=\"label\">Data:</span> 02/02/2026</p>\n                <p><span class=\"label\">Horário:</span> 01:55:16</p>\n                <p><span class=\"label\">Motivo:</span> 1</p>\n            </div>\n            \n            <p>Você pode agendar um novo horário a qualquer momento através do sistema.</p>\n        </div>\n        <div class=\"footer\">\n            <p>Este é um email automático. Não responda diretamente.</p>\n        </div>\n    </div>\n</body>\n</html>','appointment_cancellation',8,1,'sent','2026-02-02 04:55:27',NULL,0,'2026-02-02 01:55:16','2026-02-02 01:55:27'),(23,'dtioab@oab-sc.org.br','TESTE #2485','Agendamento Cancelado - Sistema de Agendamento INSS','\n<!DOCTYPE html>\n<html lang=\"pt-br\">\n<head>\n    <meta charset=\"UTF-8\">\n    <meta name=\"viewport\" content=\"width=device-width, initial-scale=1.0\">\n    <title>Agendamento Cancelado</title>\n    <style>\n        body { font-family: Arial, sans-serif; line-height: 1.6; color: #333; }\n        .container { max-width: 600px; margin: 0 auto; padding: 20px; }\n        .header { background: #dc3545; color: white; padding: 20px; border-radius: 5px 5px 0 0; text-align: center; }\n        .content { background: #f9f9f9; padding: 20px; border: 1px solid #ddd; }\n        .details { background: white; padding: 15px; margin: 15px 0; border-left: 4px solid #dc3545; }\n        .footer { background: #f0f0f0; padding: 15px; text-align: center; font-size: 12px; color: #666; }\n        .label { font-weight: bold; color: #dc3545; }\n    </style>\n</head>\n<body>\n    <div class=\"container\">\n        <div class=\"header\">\n            <h2>✗ Agendamento Cancelado</h2>\n        </div>\n        <div class=\"content\">\n            <p>Olá <strong>TESTE #2485</strong>,</p>\n            <p>Seu agendamento foi cancelado. Aqui estão os detalhes:</p>\n            \n            <div class=\"details\">\n                <p><span class=\"label\">Data:</span> 02/02/2026</p>\n                <p><span class=\"label\">Horário:</span> 01:57:07</p>\n                <p><span class=\"label\">Motivo:</span> 3123</p>\n            </div>\n            \n            <p>Você pode agendar um novo horário a qualquer momento através do sistema.</p>\n        </div>\n        <div class=\"footer\">\n            <p>Este é um email automático. Não responda diretamente.</p>\n        </div>\n    </div>\n</body>\n</html>','appointment_cancellation',7,1,'sent','2026-02-02 04:57:25',NULL,0,'2026-02-02 01:57:07','2026-02-02 01:57:25'),(24,'dtioab@oab-sc.org.br','TESTE #2485','Agendamento Cancelado - Sistema de Agendamento INSS','<h1>Olá TESTE #2485</h1><p>Seu agendamento para o dia 02/02/2026 às 02:24:52 foi cancelado.</p>','appointment_cancellation',1,1,'sent','2026-02-02 05:25:06',NULL,0,'2026-02-02 02:24:52','2026-02-02 02:25:06'),(25,'dtioab@oab-sc.org.br','TESTE #2485','Agendamento Cancelado - Sistema de Agendamento INSS','<h1>Olá TESTE #2485</h1><p>Seu agendamento para o dia 02/02/2026 às 02:24:59 foi cancelado.</p>','appointment_cancellation',3,1,'sent','2026-02-02 05:25:10',NULL,0,'2026-02-02 02:24:59','2026-02-02 02:25:10'),(26,'dtioab@oab-sc.org.br','TESTE #2485','Agendamento Cancelado - Sistema de Agendamento INSS','<h1>Olá TESTE #2485</h1><p>Seu agendamento para o dia 02/02/2026 às 02:25:02 foi cancelado.</p>','appointment_cancellation',5,1,'sent','2026-02-02 05:25:34',NULL,0,'2026-02-02 02:25:02','2026-02-02 02:25:34'),(27,'dtioab@oab-sc.org.br','TESTE #2485','Agendamento Cancelado - Sistema de Agendamento INSS','<h1>Olá TESTE #2485</h1><p>Seu agendamento para o dia 02/02/2026 às 02:25:04 foi cancelado.</p>','appointment_cancellation',6,1,'sent','2026-02-02 05:25:38',NULL,0,'2026-02-02 02:25:04','2026-02-02 02:25:38'),(28,'dtioab@oab-sc.org.br','TESTE #2485','Agendamento Cancelado - Sistema de Agendamento INSS','<h1>Olá TESTE #2485</h1><p>Seu agendamento para o dia 02/02/2026 às 02:25:12 foi cancelado.</p>','appointment_cancellation',9,1,'sent','2026-02-02 05:25:42',NULL,0,'2026-02-02 02:25:12','2026-02-02 02:25:42'),(29,'TESTE@TESTE.COM.BR','BRCTESTECADASTRO','Agendamento Confirmado - Sistema de Agendamento INSS','<h1>Olá BRCTESTECADASTRO</h1><p>Seu agendamento para o dia 03/02/2026 às 08:00 foi confirmado.</p>','appointment_confirmation',10,2769,'sent','2026-02-02 05:26:04',NULL,0,'2026-02-02 02:25:59','2026-02-02 02:26:04'),(30,'TESTE@TESTE.COM.BR','BRCTESTECADASTRO','Agendamento Confirmado - Sistema de Agendamento INSS','<h1>Olá BRCTESTECADASTRO</h1><p>Seu agendamento para o dia 03/02/2026 às 08:30 foi confirmado.</p>','appointment_confirmation',11,2769,'sent','2026-02-02 05:26:34',NULL,0,'2026-02-02 02:26:07','2026-02-02 02:26:34'),(31,'dtioab@oab-sc.org.br','TESTE #2485','Agendamento Cancelado - Sistema de Agendamento INSS','<h1>Olá TESTE #2485</h1><p>Seu agendamento para o dia 02/02/2026 às 02:43:06 foi cancelado.</p>','appointment_cancellation',9,1,'sent','2026-02-02 05:43:17',NULL,0,'2026-02-02 02:43:06','2026-02-02 02:43:17'),(32,'dtioab@oab-sc.org.br','TESTE #2485','Agendamento Cancelado - Sistema de Agendamento INSS','<h1>Olá TESTE #2485</h1><p>Seu agendamento para o dia 02/02/2026 às 14:48:20 foi cancelado.</p>','appointment_cancellation',7,1,'sent','2026-02-02 17:48:49',NULL,0,'2026-02-02 14:48:20','2026-02-02 14:48:49'),(33,'TESTE@TESTE.COM.BR','BRCTESTECADASTRO','Agendamento Confirmado - Sistema de Agendamento INSS','<h1>Olá BRCTESTECADASTRO</h1><p>Seu agendamento para o dia 03/02/2026 às 10:30 foi confirmado.</p>','appointment_confirmation',12,2769,'sent','2026-02-02 21:23:41',NULL,0,'2026-02-02 18:23:21','2026-02-02 18:23:41'),(34,'TESTE@TESTE.COM.BR','BRCTESTECADASTRO','Agendamento Confirmado - Sistema de Agendamento INSS','<h1>Olá BRCTESTECADASTRO</h1><p>Seu agendamento para o dia 03/02/2026 às 11:00 foi confirmado.</p>','appointment_confirmation',13,2769,'sent','2026-02-02 21:31:53',NULL,0,'2026-02-02 18:31:19','2026-02-02 18:31:53'),(35,'TESTE@TESTE.COM.BR','BRCTESTECADASTRO','Agendamento Confirmado - Sistema de Agendamento INSS','<h1>Olá BRCTESTECADASTRO</h1><p>Seu agendamento para o dia 03/02/2026 às 12:30 foi confirmado.</p>','appointment_confirmation',14,2769,'sent','2026-02-02 21:31:57',NULL,0,'2026-02-02 18:31:23','2026-02-02 18:31:57'),(36,'TESTE@TESTE.COM.BR','BRCTESTECADASTRO','Agendamento Confirmado - Sistema de Agendamento INSS','<h1>Olá BRCTESTECADASTRO</h1><p>Seu agendamento para o dia 03/02/2026 às 11:30 foi confirmado.</p>','appointment_confirmation',15,2769,'sent','2026-02-02 21:32:01',NULL,0,'2026-02-02 18:31:30','2026-02-02 18:32:01'),(37,'[\"no-reply@oab-sc.org.br\"]',NULL,'Relatório Diário de Agendamentos - 03/02/2026','\n<!DOCTYPE html>\n<html lang=\"pt-br\">\n<head>\n    <meta charset=\"UTF-8\">\n    <meta name=\"viewport\" content=\"width=device-width, initial-scale=1.0\">\n    <title>Relatório Diário de Agendamentos</title>\n    <style>\n        body { font-family: Arial, sans-serif; line-height: 1.6; color: #333; }\n        .container { max-width: 800px; margin: 0 auto; padding: 20px; }\n        .header { background: #667eea; color: white; padding: 20px; border-radius: 5px 5px 0 0; text-align: center; }\n        .content { background: #f9f9f9; padding: 20px; border: 1px solid #ddd; }\n        table { width: 100%; border-collapse: collapse; margin: 15px 0; background: white; }\n        th { background: #667eea; color: white; padding: 10px; text-align: left; }\n        td { padding: 8px; border: 1px solid #ddd; }\n        .footer { background: #f0f0f0; padding: 15px; text-align: center; font-size: 12px; color: #666; }\n    </style>\n</head>\n<body>\n    <div class=\"container\">\n        <div class=\"header\">\n            <h2>📊 Relatório Diário de Agendamentos</h2>\n        </div>\n        <div class=\"content\">\n            <p><strong>Data do Relatório:</strong> 03/02/2026</p>\n            <p><strong>Total de Agendamentos:</strong> 6</p>\n            \n            <table>\n                <thead>\n                    <tr>\n                        <th>Nome</th>\n                        <th>Email</th>\n                        <th>Telefone</th>\n                        <th>Horário</th>\n                        <th>Motivo</th>\n                    </tr>\n                </thead>\n                <tbody>\n                    <tr>\n              <td style=\"padding: 8px; border: 1px solid #ddd;\">BRCTESTECADASTRO</td>\n              <td style=\"padding: 8px; border: 1px solid #ddd;\">TESTE@TESTE.COM.BR</td>\n              <td style=\"padding: 8px; border: 1px solid #ddd;\">23233333333232323</td>\n              <td style=\"padding: 8px; border: 1px solid #ddd;\">08:00 - 08:30</td>\n              <td style=\"padding: 8px; border: 1px solid #ddd;\">Atendimento Geral</td>\n            </tr><tr>\n              <td style=\"padding: 8px; border: 1px solid #ddd;\">BRCTESTECADASTRO</td>\n              <td style=\"padding: 8px; border: 1px solid #ddd;\">TESTE@TESTE.COM.BR</td>\n              <td style=\"padding: 8px; border: 1px solid #ddd;\">23233333333232323</td>\n              <td style=\"padding: 8px; border: 1px solid #ddd;\">08:30 - 09:00</td>\n              <td style=\"padding: 8px; border: 1px solid #ddd;\">Renovação de Inscrição</td>\n            </tr><tr>\n              <td style=\"padding: 8px; border: 1px solid #ddd;\">BRCTESTECADASTRO</td>\n              <td style=\"padding: 8px; border: 1px solid #ddd;\">TESTE@TESTE.COM.BR</td>\n              <td style=\"padding: 8px; border: 1px solid #ddd;\">23233333333232323</td>\n              <td style=\"padding: 8px; border: 1px solid #ddd;\">10:30 - 11:00</td>\n              <td style=\"padding: 8px; border: 1px solid #ddd;\">Renovação de Inscrição</td>\n            </tr><tr>\n              <td style=\"padding: 8px; border: 1px solid #ddd;\">BRCTESTECADASTRO</td>\n              <td style=\"padding: 8px; border: 1px solid #ddd;\">TESTE@TESTE.COM.BR</td>\n              <td style=\"padding: 8px; border: 1px solid #ddd;\">23233333333232323</td>\n              <td style=\"padding: 8px; border: 1px solid #ddd;\">11:00 - 11:30</td>\n              <td style=\"padding: 8px; border: 1px solid #ddd;\">Renovação de Inscrição</td>\n            </tr><tr>\n              <td style=\"padding: 8px; border: 1px solid #ddd;\">BRCTESTECADASTRO</td>\n              <td style=\"padding: 8px; border: 1px solid #ddd;\">TESTE@TESTE.COM.BR</td>\n              <td style=\"padding: 8px; border: 1px solid #ddd;\">23233333333232323</td>\n              <td style=\"padding: 8px; border: 1px solid #ddd;\">11:30 - 12:00</td>\n              <td style=\"padding: 8px; border: 1px solid #ddd;\">Problemas com Senha</td>\n            </tr><tr>\n              <td style=\"padding: 8px; border: 1px solid #ddd;\">BRCTESTECADASTRO</td>\n              <td style=\"padding: 8px; border: 1px solid #ddd;\">TESTE@TESTE.COM.BR</td>\n              <td style=\"padding: 8px; border: 1px solid #ddd;\">23233333333232323</td>\n              <td style=\"padding: 8px; border: 1px solid #ddd;\">12:30 - 13:00</td>\n              <td style=\"padding: 8px; border: 1px solid #ddd;\">Problemas com Senha</td>\n            </tr>\n                </tbody>\n            </table>\n        </div>\n        <div class=\"footer\">\n            <p>Este é um email automático gerado pelo Sistema de Agendamento INSS.</p>\n        </div>\n    </div>\n</body>\n</html>','daily_report',NULL,NULL,'failed',NULL,'Tentativa 1: Can\'t send mail - all recipients were rejected: 553-5.1.3 The recipient address <no-reply@oab-sc.org.br]> is not a valid RFC\n553-5.1.3 5321 address. For more information, go to\n553-5.1.3  https://support.google.com/a/answer/3221692 and review RFC 5321\n553 5.1.3 specifications. 00721157ae682-794d02606a3sm39110647b3.48 - gsmtp',1,'2026-02-02 19:00:18','2026-02-02 19:00:52'),(38,'dtioab@oab-sc.org.br','TESTE #2485','Agendamento Cancelado - Sistema de Agendamento INSS','<h1>Olá TESTE #2485</h1><p>Seu agendamento para o dia 04/02/2026 às 12:04:03 foi cancelado.</p>','appointment_cancellation',14,1,'sent','2026-02-04 15:04:27',NULL,0,'2026-02-04 12:04:03','2026-02-04 12:04:27'),(39,'dtioab@oab-sc.org.br','TESTE #2485','Agendamento Cancelado - Sistema de Agendamento INSS','<h1>Olá TESTE #2485</h1><p>Seu agendamento para o dia 04/02/2026 às 12:07:13 foi cancelado.</p>','appointment_cancellation',4,1,'sent','2026-02-04 15:07:25',NULL,0,'2026-02-04 12:07:13','2026-02-04 12:07:25'),(40,'dtioab@oab-sc.org.br','TESTE #2485','Agendamento Cancelado - Sistema de Agendamento INSS','<h1>Olá TESTE #2485</h1><p>Seu agendamento para o dia 04/02/2026 às 12:16:35 foi cancelado.</p>','appointment_cancellation',4,1,'sent','2026-02-04 15:16:56',NULL,0,'2026-02-04 12:16:35','2026-02-04 12:16:56'),(41,'dtioab@oab-sc.org.br','TESTE #2485','Agendamento Cancelado - Sistema de Agendamento INSS','<h1>Olá TESTE #2485</h1><p>Seu agendamento para o dia 04/02/2026 às 12:16:44 foi cancelado.</p>','appointment_cancellation',15,1,'sent','2026-02-04 15:17:00',NULL,0,'2026-02-04 12:16:44','2026-02-04 12:17:00'),(42,'dtioab@oab-sc.org.br','TESTE #2485','Aviso Importante - Sistema de Agendamento INSS','<h1>Olá TESTE #2485</h1><p>teste</p>','custom_notification',4,1,'sent','2026-02-04 15:22:09',NULL,0,'2026-02-04 12:21:45','2026-02-04 12:22:09'),(43,'dtioab@oab-sc.org.br','TESTE #2485','Agendamento Cancelado - Sistema de Agendamento INSS','<h1>Olá TESTE #2485</h1><p>Seu agendamento para o dia 04/02/2026 às 12:32:08 foi cancelado.</p>','appointment_cancellation',4,1,'sent','2026-02-04 15:32:33',NULL,0,'2026-02-04 12:32:08','2026-02-04 12:32:33'),(44,'dtioab@oab-sc.org.br','TESTE #2485','Agendamento Cancelado - Sistema de Agendamento INSS','<h1>Olá TESTE #2485</h1><p>Seu agendamento para o dia 04/02/2026 às 12:38:37 foi cancelado.</p>','appointment_cancellation',4,1,'sent','2026-02-04 15:38:54',NULL,0,'2026-02-04 12:38:37','2026-02-04 12:38:54'),(45,'TESTE@TESTE.COM.BR','BRCTESTECADASTRO','Agendamento Confirmado - Sistema de Agendamento INSS','<h1>Olá BRCTESTECADASTRO</h1><p>Seu agendamento para o dia 05/02/2026 às 08:30 foi confirmado.</p>','appointment_confirmation',16,2769,'sent','2026-02-04 15:39:22',NULL,0,'2026-02-04 12:39:15','2026-02-04 12:39:22'),(46,'TESTE@TESTE.COM.BR','BRCTESTECADASTRO','Agendamento Confirmado - Sistema de Agendamento INSS','<h1>Olá BRCTESTECADASTRO</h1><p>Seu agendamento para o dia 05/02/2026 às 08:30 foi confirmado.</p>','appointment_confirmation',17,2769,'sent','2026-02-04 17:32:51',NULL,0,'2026-02-04 14:32:24','2026-02-04 14:32:51'),(47,'TESTE@TESTE.COM.BR','BRCTESTECADASTRO','Agendamento Confirmado - Sistema de Agendamento INSS','<h1>Olá BRCTESTECADASTRO</h1><p>Seu agendamento para o dia 06/02/2026 às 08:30 foi confirmado.</p>','appointment_confirmation',18,2769,'sent','2026-02-04 17:44:13',NULL,0,'2026-02-04 14:44:01','2026-02-04 14:44:13'),(48,'TESTE@TESTE.COM.BR','BRCTESTECADASTRO','Agendamento Confirmado - Sistema de Agendamento INSS','<h1>Olá BRCTESTECADASTRO</h1><p>Seu agendamento para o dia 06/02/2026 às 10:30 foi confirmado.</p>','appointment_confirmation',19,2769,'sent','2026-02-04 17:44:41',NULL,0,'2026-02-04 14:44:09','2026-02-04 14:44:41'),(49,'TESTE@TESTE.COM.BR','BRCTESTECADASTRO','Agendamento Confirmado - Sistema de Agendamento INSS','<h1>Olá BRCTESTECADASTRO</h1><p>Seu agendamento para o dia 06/02/2026 às 10:00 foi confirmado.</p>','appointment_confirmation',20,2769,'sent','2026-02-04 17:44:45',NULL,0,'2026-02-04 14:44:23','2026-02-04 14:44:45'),(50,'TESTE@TESTE.COM.BR','BRCTESTECADASTRO','Agendamento Confirmado - Sistema de Agendamento INSS','<h1>Olá BRCTESTECADASTRO</h1><p>Seu agendamento para o dia 06/02/2026 às 11:30 foi confirmado.</p>','appointment_confirmation',21,2769,'sent','2026-02-04 17:45:41',NULL,0,'2026-02-04 14:45:23','2026-02-04 14:45:41'),(51,'TESTE@TESTE.COM.BR','BRCTESTECADASTRO','Agendamento Cancelado - Sistema de Agendamento INSS','<h1>Olá BRCTESTECADASTRO</h1><p>Seu agendamento para o dia 04/02/2026 às 15:01:13 foi cancelado.</p>','appointment_cancellation',21,2769,'sent','2026-02-04 18:01:21',NULL,0,'2026-02-04 15:01:13','2026-02-04 15:01:21'),(52,'TESTE@TESTE.COM.BR','BRCTESTECADASTRO','Agendamento Cancelado - Sistema de Agendamento INSS','<h1>Olá BRCTESTECADASTRO</h1><p>Seu agendamento para o dia 04/02/2026 às 15:01:15 foi cancelado.</p>','appointment_cancellation',20,2769,'sent','2026-02-04 18:01:48',NULL,0,'2026-02-04 15:01:15','2026-02-04 15:01:48'),(53,'TESTE@TESTE.COM.BR','BRCTESTECADASTRO','Agendamento Cancelado - Sistema de Agendamento INSS','<h1>Olá BRCTESTECADASTRO</h1><p>Seu agendamento para o dia 04/02/2026 às 15:01:17 foi cancelado.</p>','appointment_cancellation',19,2769,'sent','2026-02-04 18:01:53',NULL,0,'2026-02-04 15:01:17','2026-02-04 15:01:53'),(54,'TESTE@TESTE.COM.BR','BRCTESTECADASTRO','Agendamento Cancelado - Sistema de Agendamento INSS','<h1>Olá BRCTESTECADASTRO</h1><p>Seu agendamento para o dia 04/02/2026 às 15:01:18 foi cancelado.</p>','appointment_cancellation',17,2769,'sent','2026-02-04 18:01:58',NULL,0,'2026-02-04 15:01:18','2026-02-04 15:01:58'),(55,'TESTE@TESTE.COM.BR','BRCTESTECADASTRO','Agendamento Cancelado - Sistema de Agendamento INSS','<h1>Olá BRCTESTECADASTRO</h1><p>Seu agendamento para o dia 04/02/2026 às 15:01:20 foi cancelado.</p>','appointment_cancellation',18,2769,'sent','2026-02-04 18:02:03',NULL,0,'2026-02-04 15:01:20','2026-02-04 15:02:03'),(56,'dtioab@oab-sc.org.br','TESTE #2485','Agendamento Cancelado - Sistema de Agendamento INSS','<h1>Olá TESTE #2485</h1><p>Seu agendamento para o dia 04/02/2026 às 15:02:20 foi cancelado.</p>','appointment_cancellation',11,1,'sent','2026-02-04 18:02:48',NULL,0,'2026-02-04 15:02:20','2026-02-04 15:02:48'),(57,'dtioab@oab-sc.org.br','TESTE #2485','Agendamento Cancelado - Sistema de Agendamento INSS','<h1>Olá TESTE #2485</h1><p>Seu agendamento para o dia 04/02/2026 às 15:02:25 foi cancelado.</p>','appointment_cancellation',8,1,'sent','2026-02-04 18:02:53',NULL,0,'2026-02-04 15:02:25','2026-02-04 15:02:53'),(58,'dtioab@oab-sc.org.br','TESTE #2485','Agendamento Cancelado - Sistema de Agendamento INSS','<h1>Olá TESTE #2485</h1><p>Seu agendamento para o dia 04/02/2026 às 15:02:29 foi cancelado.</p>','appointment_cancellation',6,1,'sent','2026-02-04 18:02:58',NULL,0,'2026-02-04 15:02:29','2026-02-04 15:02:58'),(59,'dtioab@oab-sc.org.br','TESTE #2485','Agendamento Cancelado - Sistema de Agendamento INSS','<h1>Olá TESTE #2485</h1><p>Seu agendamento para o dia 04/02/2026 às 15:02:31 foi cancelado.</p>','appointment_cancellation',12,1,'sent','2026-02-04 18:03:03',NULL,0,'2026-02-04 15:02:31','2026-02-04 15:03:03'),(60,'dtioab@oab-sc.org.br','TESTE #2485','Agendamento Cancelado - Sistema de Agendamento INSS','<h1>Olá TESTE #2485</h1><p>Seu agendamento para o dia 04/02/2026 às 15:02:34 foi cancelado.</p>','appointment_cancellation',13,1,'sent','2026-02-04 18:03:08',NULL,0,'2026-02-04 15:02:34','2026-02-04 15:03:08'),(61,'dtioab@oab-sc.org.br','TESTE #2485','Agendamento Cancelado - Sistema de Agendamento INSS','<h1>Olá TESTE #2485</h1><p>Seu agendamento para o dia 04/02/2026 às 15:02:39 foi cancelado.</p>','appointment_cancellation',10,1,'sent','2026-02-04 18:03:13',NULL,0,'2026-02-04 15:02:39','2026-02-04 15:03:13'),(62,'dtioab@oab-sc.org.br','TESTE #2485','Agendamento Cancelado - Sistema de Agendamento INSS','<h1>Olá TESTE #2485</h1><p>Seu agendamento para o dia 04/02/2026 às 15:03:01 foi cancelado.</p>','appointment_cancellation',16,1,'sent','2026-02-04 18:03:48',NULL,0,'2026-02-04 15:03:01','2026-02-04 15:03:48'),(63,'TESTE@TESTE.COM.BR','BRCTESTECADASTRO','Agendamento Confirmado - Sistema de Agendamento INSS','<h1>Olá BRCTESTECADASTRO</h1><p>Seu agendamento para o dia 05/02/2026 às 08:30 foi confirmado.</p>','appointment_confirmation',22,2769,'sent','2026-02-04 19:06:20',NULL,0,'2026-02-04 16:05:45','2026-02-04 16:06:20'),(64,'TESTE@TESTE.COM.BR','BRCTESTECADASTRO','Agendamento Cancelado - Sistema de Agendamento INSS','<h1>Olá BRCTESTECADASTRO</h1><p>Seu agendamento para o dia 04/02/2026 às 16:05:50 foi cancelado.</p>','appointment_cancellation',22,2769,'sent','2026-02-04 19:06:24',NULL,0,'2026-02-04 16:05:50','2026-02-04 16:06:24'),(65,'TESTE@TESTE.COM.BR','BRCTESTECADASTRO','Agendamento Confirmado - Sistema de Agendamento INSS','<h1>Olá BRCTESTECADASTRO</h1><p>Seu agendamento para o dia 06/02/2026 às 08:30 foi confirmado.</p>','appointment_confirmation',23,2769,'sent','2026-02-04 19:07:18',NULL,0,'2026-02-04 16:06:54','2026-02-04 16:07:18'),(66,'TESTE@TESTE.COM.BR','BRCTESTECADASTRO','Agendamento Confirmado - Sistema de Agendamento INSS','<h1>Olá BRCTESTECADASTRO</h1><p>Seu agendamento para o dia 05/02/2026 às 08:30 foi confirmado.</p>','appointment_confirmation',24,2769,'sent','2026-02-04 19:07:48',NULL,0,'2026-02-04 16:07:27','2026-02-04 16:07:48'),(67,'[\"no-reply@oab-sc.org.br\"]',NULL,'Relatório Diário de Agendamentos - 05/02/2026','\n<!DOCTYPE html>\n<html lang=\"pt-br\">\n<head>\n    <meta charset=\"UTF-8\">\n    <meta name=\"viewport\" content=\"width=device-width, initial-scale=1.0\">\n    <title>Relatório Diário de Agendamentos</title>\n    <style>\n        body { font-family: Arial, sans-serif; line-height: 1.6; color: #333; }\n        .container { max-width: 800px; margin: 0 auto; padding: 20px; }\n        .header { background: #667eea; color: white; padding: 20px; border-radius: 5px 5px 0 0; text-align: center; }\n        .content { background: #f9f9f9; padding: 20px; border: 1px solid #ddd; }\n        table { width: 100%; border-collapse: collapse; margin: 15px 0; background: white; }\n        th { background: #667eea; color: white; padding: 10px; text-align: left; }\n        td { padding: 8px; border: 1px solid #ddd; }\n        .footer { background: #f0f0f0; padding: 15px; text-align: center; font-size: 12px; color: #666; }\n    </style>\n</head>\n<body>\n    <div class=\"container\">\n        <div class=\"header\">\n            <h2>📊 Relatório Diário de Agendamentos</h2>\n        </div>\n        <div class=\"content\">\n            <p><strong>Data do Relatório:</strong> 05/02/2026</p>\n            <p><strong>Total de Agendamentos:</strong> 1</p>\n            \n            <table>\n                <thead>\n                    <tr>\n                        <th>Nome</th>\n                        <th>Email</th>\n                        <th>Telefone</th>\n                        <th>Horário</th>\n                        <th>Motivo</th>\n                    </tr>\n                </thead>\n                <tbody>\n                    <tr>\n              <td style=\"padding: 8px; border: 1px solid #ddd;\">BRCTESTECADASTRO</td>\n              <td style=\"padding: 8px; border: 1px solid #ddd;\">TESTE@TESTE.COM.BR</td>\n              <td style=\"padding: 8px; border: 1px solid #ddd;\">232333333323</td>\n              <td style=\"padding: 8px; border: 1px solid #ddd;\">08:30 - 09:00</td>\n              <td style=\"padding: 8px; border: 1px solid #ddd;\">Renovação de Inscrição</td>\n            </tr>\n                </tbody>\n            </table>\n        </div>\n        <div class=\"footer\">\n            <p>Este é um email automático gerado pelo Sistema de Agendamento INSS.</p>\n        </div>\n    </div>\n</body>\n</html>','daily_report',NULL,NULL,'failed',NULL,'Tentativa 1: Can\'t send mail - all recipients were rejected: 553-5.1.3 The recipient address <no-reply@oab-sc.org.br]> is not a valid RFC\n553-5.1.3 5321 address. For more information, go to\n553-5.1.3  https://support.google.com/a/answer/3221692 and review RFC 5321\n553 5.1.3 specifications. 956f58d0204a3-649dc5ac8b2sm3570016d50.15 - gsmtp',1,'2026-02-04 19:00:47','2026-02-04 19:00:50'),(68,'TESTE@TESTE.COM.BR','BRCTESTECADASTRO','Agendamento Confirmado - Sistema de Agendamento INSS','<h1>Olá BRCTESTECADASTRO</h1><p>Seu agendamento para o dia 04/03/2026 às 08:00 foi confirmado.</p>','appointment_confirmation',25,2769,'sent','2026-02-05 19:34:24',NULL,0,'2026-02-05 16:34:09','2026-02-05 16:34:24'),(69,'TESTE@TESTE.COM.BR','BRCTESTECADASTRO','Agendamento Confirmado - Sistema de Agendamento INSS','<h1>Olá BRCTESTECADASTRO</h1><p>Seu agendamento para o dia 12/03/2026 às 10:00 foi confirmado.</p>','appointment_confirmation',26,2769,'sent','2026-02-05 19:34:28',NULL,0,'2026-02-05 16:34:16','2026-02-05 16:34:28'),(70,'dtioab@oab-sc.org.br','TESTE #2485','Agendamento Cancelado - Sistema de Agendamento INSS','<h1>Olá TESTE #2485</h1><p>Seu agendamento para o dia 05/02/2026 às 17:30:09 foi cancelado.</p>','appointment_cancellation',16,1,'sent','2026-02-05 20:30:23',NULL,0,'2026-02-05 17:30:09','2026-02-05 17:30:23'),(71,'TESTE@TESTE.COM.BR','BRCTESTECADASTRO','Aviso Importante - Sistema de Agendamento INSS','<h1>Olá BRCTESTECADASTRO</h1><p>t</p>t','custom_notification',16,2769,'sent','2026-02-05 21:46:47',NULL,0,'2026-02-05 21:46:40','2026-02-05 21:46:46');
/*!40000 ALTER TABLE `email_queue` ENABLE KEYS */;
UNLOCK TABLES;

--
-- Table structure for table `email_templates`
--

DROP TABLE IF EXISTS `email_templates`;
/*!40101 SET @saved_cs_client     = @@character_set_client */;
/*!50503 SET character_set_client = utf8mb4 */;
CREATE TABLE `email_templates` (
  `ID` int NOT NULL AUTO_INCREMENT,
  `SLUG` varchar(50) COLLATE utf8mb4_unicode_ci NOT NULL,
  `NAME` varchar(100) COLLATE utf8mb4_unicode_ci NOT NULL,
  `SUBJECT` varchar(255) COLLATE utf8mb4_unicode_ci NOT NULL,
  `BODY` text COLLATE utf8mb4_unicode_ci NOT NULL,
  `VARIABLES` text COLLATE utf8mb4_unicode_ci,
  `UPDATEDAT` timestamp NOT NULL DEFAULT CURRENT_TIMESTAMP ON UPDATE CURRENT_TIMESTAMP,
  PRIMARY KEY (`ID`),
  UNIQUE KEY `SLUG` (`SLUG`)
) ENGINE=InnoDB AUTO_INCREMENT=4 DEFAULT CHARSET=utf8mb4 COLLATE=utf8mb4_unicode_ci;
/*!40101 SET character_set_client = @saved_cs_client */;

--
-- Dumping data for table `email_templates`
--

LOCK TABLES `email_templates` WRITE;
/*!40000 ALTER TABLE `email_templates` DISABLE KEYS */;
INSERT INTO `email_templates` VALUES (1,'appointment_confirmation','Confirmação de Agendamento','Agendamento Confirmado - Sistema de Agendamento INSS','<h1>Olá {userName}</h1><p>Seu agendamento para o dia {appointmentDate} às {startTime} foi confirmado.</p>','{userName}, {appointmentDate}, {startTime}, {endTime}, {reason}','2026-02-02 01:50:26'),(2,'appointment_cancellation','Cancelamento de Agendamento','Agendamento Cancelado - Sistema de Agendamento INSS','<h1>Olá {userName}</h1><p>Seu agendamento para o dia {appointmentDate} às {startTime} foi cancelado.</p>','{userName}, {appointmentDate}, {startTime}, {reason}','2026-02-02 01:50:26'),(3,'custom_notification','Notificação Customizada','Aviso Importante - Sistema de Agendamento INSS','<h1>Olá {userName}</h1><p>{message}</p>t','{userName}, {message}','2026-02-05 20:34:44');
/*!40000 ALTER TABLE `email_templates` ENABLE KEYS */;
UNLOCK TABLES;

--
-- Table structure for table `system_settings`
--

DROP TABLE IF EXISTS `system_settings`;
/*!40101 SET @saved_cs_client     = @@character_set_client */;
/*!50503 SET character_set_client = utf8mb4 */;
CREATE TABLE `system_settings` (
  `id` int NOT NULL AUTO_INCREMENT,
  `workingHoursStart` varchar(8) COLLATE utf8mb4_general_ci NOT NULL DEFAULT '08:00:00',
  `workingHoursEnd` varchar(8) COLLATE utf8mb4_general_ci NOT NULL DEFAULT '12:00:00',
  `appointmentDurationMinutes` int NOT NULL DEFAULT '30',
  `monthlyLimitPerUser` int NOT NULL DEFAULT '999',
  `cancellationBlockingHours` int NOT NULL DEFAULT '2',
  `maxAdvancedBookingDays` int NOT NULL DEFAULT '30',
  `blockingTimeAfterHours` varchar(8) COLLATE utf8mb4_general_ci NOT NULL DEFAULT '19:00:00',
  `institutionName` varchar(255) COLLATE utf8mb4_general_ci NOT NULL DEFAULT 'OAB/SC',
  `institutionAddress` text COLLATE utf8mb4_general_ci,
  `institutionPhone` varchar(20) COLLATE utf8mb4_general_ci DEFAULT NULL,
  `senderEmail` varchar(320) COLLATE utf8mb4_general_ci NOT NULL,
  `senderName` varchar(255) COLLATE utf8mb4_general_ci NOT NULL,
  `adminEmails` text COLLATE utf8mb4_general_ci NOT NULL,
  `updatedAt` timestamp NOT NULL DEFAULT CURRENT_TIMESTAMP ON UPDATE CURRENT_TIMESTAMP,
  `MINCANCELLATIONLEADTIMEHOURS` int NOT NULL DEFAULT '5',
  `DAILYREPORTTIME` varchar(5) COLLATE utf8mb4_general_ci NOT NULL DEFAULT '19:00',
  `DAILYREPORTENABLED` tinyint(1) NOT NULL DEFAULT '1',
  `SMTPHOST` varchar(255) COLLATE utf8mb4_general_ci NOT NULL DEFAULT 'smtp.gmail.com',
  `SMTPPORT` int NOT NULL DEFAULT '587',
  `SMTPSECURE` tinyint(1) NOT NULL DEFAULT '0',
  `SMTPUSER` varchar(320) COLLATE utf8mb4_general_ci DEFAULT NULL,
  `SMTPPASSWORD` text COLLATE utf8mb4_general_ci,
  PRIMARY KEY (`id`)
) ENGINE=InnoDB AUTO_INCREMENT=2 DEFAULT CHARSET=utf8mb4 COLLATE=utf8mb4_general_ci;
/*!40101 SET character_set_client = @saved_cs_client */;

--
-- Dumping data for table `system_settings`
--

LOCK TABLES `system_settings` WRITE;
/*!40000 ALTER TABLE `system_settings` DISABLE KEYS */;
INSERT INTO `system_settings` VALUES (1,'08:00:00','13:00:00',30,2,2,30,'19:00:00','OAB/SC','','','no-reply@oab-sc.org.br','OAB/SC Agendamentos','[\"no-reply@oab-sc.org.br\"]','2026-02-05 17:54:22',5,'19:00',1,'smtp.gmail.com',587,0,'no-reply@oab-sc.org.br','whkx qwhg rubh zqll');
/*!40000 ALTER TABLE `system_settings` ENABLE KEYS */;
UNLOCK TABLES;

--
-- Table structure for table `users`
--

DROP TABLE IF EXISTS `users`;
/*!40101 SET @saved_cs_client     = @@character_set_client */;
/*!50503 SET character_set_client = utf8mb4 */;
CREATE TABLE `users` (
  `id` int NOT NULL AUTO_INCREMENT,
  `openId` varchar(64) COLLATE utf8mb4_general_ci NOT NULL,
  `cpf` varchar(14) COLLATE utf8mb4_general_ci NOT NULL,
  `oab` varchar(20) COLLATE utf8mb4_general_ci NOT NULL,
  `name` text COLLATE utf8mb4_general_ci NOT NULL,
  `email` varchar(320) COLLATE utf8mb4_general_ci NOT NULL,
  `phone` varchar(20) COLLATE utf8mb4_general_ci DEFAULT NULL,
  `cep` varchar(10) COLLATE utf8mb4_general_ci DEFAULT NULL,
  `endereco` text COLLATE utf8mb4_general_ci,
  `bairro` varchar(100) COLLATE utf8mb4_general_ci DEFAULT NULL,
  `cidade` varchar(100) COLLATE utf8mb4_general_ci DEFAULT NULL,
  `estado` varchar(2) COLLATE utf8mb4_general_ci DEFAULT NULL,
  `nomeMae` text COLLATE utf8mb4_general_ci,
  `nomePai` text COLLATE utf8mb4_general_ci,
  `rg` varchar(20) COLLATE utf8mb4_general_ci DEFAULT NULL,
  `orgaoRg` varchar(20) COLLATE utf8mb4_general_ci DEFAULT NULL,
  `dataExpedicaoRg` varchar(10) COLLATE utf8mb4_general_ci DEFAULT NULL,
  `role` enum('user','admin') COLLATE utf8mb4_general_ci NOT NULL DEFAULT 'user',
  `isActive` tinyint(1) NOT NULL DEFAULT '1',
  `loginMethod` varchar(64) COLLATE utf8mb4_general_ci DEFAULT NULL,
  `createdAt` timestamp NOT NULL DEFAULT CURRENT_TIMESTAMP,
  `updatedAt` timestamp NOT NULL DEFAULT CURRENT_TIMESTAMP ON UPDATE CURRENT_TIMESTAMP,
  `lastSignedIn` timestamp NOT NULL DEFAULT CURRENT_TIMESTAMP,
  PRIMARY KEY (`id`),
  UNIQUE KEY `openId` (`openId`),
  UNIQUE KEY `cpf` (`cpf`),
  UNIQUE KEY `oab` (`oab`),
  KEY `cpf_idx` (`cpf`),
  KEY `oab_idx` (`oab`),
  KEY `email_idx` (`email`)
) ENGINE=InnoDB AUTO_INCREMENT=2925 DEFAULT CHARSET=utf8mb4 COLLATE=utf8mb4_general_ci;
/*!40101 SET character_set_client = @saved_cs_client */;

--
-- Dumping data for table `users`
--

LOCK TABLES `users` WRITE;
/*!40000 ALTER TABLE `users` DISABLE KEYS */;
INSERT INTO `users` VALUES (1,'soap_254.116.696-69','254.116.696-69','00000','TESTE #2485','dtioab@oab-sc.org.br','2341421433','89010-900','Rua Hermann Hering, 1005','Bom Retiro','BLUMENAU','SC','TESTE','','11111111','SSP','2000-01-01','admin',1,'soap','2026-01-29 17:24:57','2026-02-05 21:52:16','2026-02-05 21:52:16'),(2769,'soap_131.947.510-85','131.947.510-85','','BRCTESTECADASTRO','TESTE@TESTE.COM.BR','232333333323','88340-970','Rua Amsterdã, 58','Areias','CAMBORIÚ','SC','','','38.160.131-6','','','user',1,'soap','2026-02-01 04:41:42','2026-02-05 21:57:08','2026-02-05 21:57:09'),(2770,'manual_admin','167.263.197-11','OAB-ADMIN','Administrador','admin@exemplo.com',NULL,NULL,NULL,NULL,NULL,NULL,NULL,NULL,NULL,NULL,NULL,'admin',1,NULL,'2026-02-05 21:44:11','2026-02-05 21:44:11','2026-02-05 21:44:11');
/*!40000 ALTER TABLE `users` ENABLE KEYS */;
UNLOCK TABLES;
/*!40103 SET TIME_ZONE=@OLD_TIME_ZONE */;

/*!40101 SET SQL_MODE=@OLD_SQL_MODE */;
/*!40014 SET FOREIGN_KEY_CHECKS=@OLD_FOREIGN_KEY_CHECKS */;
/*!40014 SET UNIQUE_CHECKS=@OLD_UNIQUE_CHECKS */;
/*!40101 SET CHARACTER_SET_CLIENT=@OLD_CHARACTER_SET_CLIENT */;
/*!40101 SET CHARACTER_SET_RESULTS=@OLD_CHARACTER_SET_RESULTS */;
/*!40101 SET COLLATION_CONNECTION=@OLD_COLLATION_CONNECTION */;
/*!40111 SET SQL_NOTES=@OLD_SQL_NOTES */;

-- Dump completed on 2026-02-05 16:57:11
